shop_id,weather_col_0,weather_col_1,weather_col_2,weather_col_3,weather_col_4,weather_col_5,weather_col_6
1,0,0,0,0,0,1,0
2,0,1,1,1,1,1,1
3,0,1,1,0,0,1,0
4,1,1,0,1,1,1,1
5,1,0,0,0,0,1,0
6,1,1,0,1,1,0,1
7,1,0,1,0,0,1,0
8,1,0,0,0,0,1,0
9,1,0,0,0,0,1,0
10,0,0,0,0,0,0,1
11,1,0,0,0,1,1,0
12,1,0,1,0,0,1,0
13,1,0,0,0,0,1,0
14,1,1,1,1,1,1,1
15,0,0,0,1,1,1,1
16,0,0,0,0,0,0,0
17,1,1,1,1,1,1,1
18,1,1,1,1,1,1,1
19,1,0,0,0,1,1,0
20,1,1,1,1,1,1,1
21,1,0,0,0,1,1,0
22,0,0,0,1,0,1,1
23,1,0,1,1,1,1,1
24,1,1,1,0,0,1,1
25,0,0,0,0,0,0,0
26,1,1,1,1,1,1,1
27,1,1,0,1,1,1,1
28,1,1,1,1,1,1,1
29,1,1,1,1,1,1,1
30,1,1,1,1,1,1,1
31,1,1,0,1,1,1,1
32,1,0,0,0,0,1,0
33,1,0,1,0,1,1,1
34,1,0,0,0,0,1,0
35,0,1,1,1,1,1,1
36,1,1,1,1,1,1,1
37,1,0,0,0,1,1,0
38,1,1,1,1,1,1,1
39,1,0,0,0,1,1,0
40,0,0,0,0,0,1,0
41,1,0,0,0,1,1,0
42,0,0,0,0,0,0,0
43,1,1,1,0,1,1,0
44,1,0,0,1,1,1,1
45,1,0,1,0,0,1,0
46,1,0,0,0,0,1,0
47,1,1,0,1,1,1,1
48,1,0,1,0,0,1,0
49,0,0,0,0,0,1,0
50,1,0,0,0,1,1,0
51,1,1,0,1,1,1,1
52,1,0,1,0,0,1,0
53,1,0,0,0,0,1,0
54,0,0,0,0,0,0,0
55,1,0,0,0,1,1,0
56,1,0,1,0,1,1,1
57,1,0,0,0,1,1,0
58,1,0,0,0,0,1,0
59,1,0,0,0,1,1,0
60,1,0,1,0,1,1,1
61,1,1,1,1,1,1,1
62,1,0,0,0,0,1,1
63,1,1,1,0,0,1,1
64,1,0,1,0,1,1,1
65,1,0,0,0,1,1,0
66,1,0,1,0,0,1,0
67,1,0,0,0,0,1,0
68,1,1,1,1,1,1,1
69,1,0,0,0,0,1,0
70,1,1,0,1,1,1,1
71,1,1,0,1,1,1,1
72,1,1,1,1,1,1,1
73,1,0,0,0,0,1,0
74,1,0,0,0,1,1,0
75,1,1,0,1,1,1,1
76,1,1,1,1,1,1,1
77,1,0,1,0,0,1,0
78,1,0,0,0,1,1,0
79,1,0,0,0,1,1,0
80,1,1,1,0,1,1,0
81,1,0,0,0,1,1,0
82,1,1,1,1,1,1,1
83,0,0,0,0,0,0,0
84,1,0,0,0,1,1,0
85,1,0,0,0,0,1,0
86,1,0,1,0,1,1,1
87,1,1,1,1,1,1,1
88,1,1,1,0,0,1,1
89,0,0,0,1,0,1,1
90,1,0,0,0,1,1,0
91,1,1,1,1,1,1,1
92,1,0,1,0,1,1,1
93,1,1,1,1,1,1,1
94,1,1,1,1,1,1,1
95,1,1,0,1,1,1,1
96,0,0,0,0,0,0,0
97,1,1,0,1,1,1,1
98,1,1,1,1,1,1,1
99,1,1,1,1,1,0,1
100,1,0,0,0,0,1,0
101,1,1,1,0,0,1,1
102,1,0,0,0,0,1,0
103,1,1,0,1,1,1,1
104,1,1,1,1,1,1,1
105,1,0,0,0,0,1,0
106,1,1,1,1,1,1,1
107,1,0,0,0,0,1,0
108,1,0,0,0,1,1,0
109,1,1,1,0,1,1,0
110,1,1,0,1,1,1,1
111,1,1,0,1,1,1,1
112,1,1,1,1,0,1,1
113,1,1,1,1,1,1,1
114,1,0,0,0,1,1,0
115,1,0,0,0,0,1,0
116,1,0,0,0,0,1,0
117,1,0,0,0,0,1,0
118,1,1,0,1,1,1,1
119,1,1,0,1,1,1,1
120,1,0,0,0,0,1,0
121,1,0,0,0,1,1,0
122,1,0,0,0,1,1,0
123,1,1,0,1,1,1,1
124,1,0,0,0,0,1,0
125,1,1,0,1,1,0,1
126,1,0,1,0,1,1,1
127,0,0,0,0,0,0,0
128,1,1,1,0,0,1,1
129,1,0,1,0,0,1,0
130,1,0,0,0,0,1,0
131,0,0,0,0,0,0,0
132,0,1,1,1,1,1,1
133,1,1,1,1,1,1,1
134,1,0,1,0,0,1,0
135,1,0,0,0,1,1,0
136,0,0,0,0,0,0,0
137,1,0,1,0,0,1,0
138,1,0,0,0,1,1,0
139,1,0,0,0,1,1,0
140,1,1,0,1,1,1,1
141,1,1,0,1,1,1,1
142,1,0,0,0,0,1,0
143,1,1,0,1,1,1,1
144,1,0,0,0,1,1,0
145,1,1,1,0,0,1,1
146,1,1,1,1,1,1,1
147,1,1,1,1,1,1,1
148,0,0,0,0,0,0,0
149,1,1,1,1,1,1,1
150,1,1,1,1,1,1,1
151,1,0,0,0,1,1,0
152,0,0,0,0,0,0,0
153,0,0,0,0,0,0,0
154,1,1,1,1,1,1,1
155,0,1,1,1,1,1,1
156,0,1,1,1,1,1,1
157,1,1,0,1,1,1,1
158,1,1,1,0,0,1,1
159,1,1,1,0,1,1,0
160,1,0,0,0,1,1,0
161,1,0,0,0,0,1,0
162,1,1,1,1,1,1,1
163,1,0,0,0,0,1,0
164,0,0,0,0,0,0,0
165,1,0,0,0,0,1,0
166,1,1,0,1,1,1,1
167,1,0,1,0,0,1,0
168,1,0,0,0,0,1,0
169,1,0,0,0,0,1,0
170,1,1,0,1,1,1,1
171,1,0,0,0,1,1,0
172,1,1,0,1,1,1,1
173,1,0,0,0,0,1,0
174,1,1,1,0,0,1,1
175,0,0,0,0,0,0,0
176,1,0,0,0,0,1,0
177,1,0,0,0,1,1,0
178,1,0,0,0,1,1,0
179,1,0,0,0,0,1,0
180,1,0,0,0,0,1,0
181,0,0,0,0,0,0,0
182,1,0,0,1,1,1,1
183,1,1,0,1,1,1,1
184,1,1,0,1,1,1,1
185,1,1,1,1,1,1,1
186,1,0,0,0,0,1,0
187,0,1,1,1,1,1,1
188,1,0,0,0,0,1,0
189,0,0,0,0,0,0,0
190,1,1,1,1,1,1,1
191,1,1,1,1,1,1,1
192,0,1,1,1,1,1,1
193,0,0,0,1,1,1,1
194,1,0,0,0,1,1,0
195,0,0,0,0,0,0,1
196,1,1,1,1,1,1,1
197,1,0,1,0,0,1,0
198,1,0,0,0,0,1,0
199,1,0,0,0,0,1,0
200,1,0,0,0,1,1,0
201,1,0,0,0,0,1,0
202,1,1,1,1,1,1,1
203,1,0,0,0,1,1,0
204,0,1,1,1,1,1,1
205,1,0,0,0,0,1,0
206,0,1,1,1,1,1,0
207,1,1,0,1,1,1,1
208,1,1,0,1,1,1,1
209,1,0,0,0,0,1,0
210,0,0,0,0,0,0,0
211,1,1,1,1,1,1,1
212,0,0,0,0,0,1,0
213,1,1,1,0,0,1,1
214,1,1,1,1,1,1,1
215,1,1,0,1,1,1,1
216,1,1,0,1,1,1,1
217,1,0,0,0,0,1,0
218,1,1,0,1,1,1,1
219,1,1,1,0,0,1,1
220,1,0,0,0,0,1,0
221,0,0,0,0,0,0,0
222,0,1,1,0,0,1,0
223,0,0,0,0,0,0,0
224,1,1,1,0,0,1,1
225,1,0,1,0,0,1,0
226,1,1,1,1,1,1,1
227,0,0,0,1,1,1,1
228,1,0,0,0,0,1,0
229,0,1,1,1,1,1,1
230,1,1,1,1,1,1,1
231,1,0,0,0,0,1,0
232,1,1,1,0,0,1,1
233,1,0,0,0,0,1,0
234,0,0,0,0,0,1,0
235,0,0,0,0,0,1,0
236,1,0,0,0,0,1,0
237,0,1,1,1,1,1,0
238,1,1,0,1,1,1,1
239,1,0,0,0,1,1,0
240,1,0,0,0,1,1,0
241,1,0,0,0,1,1,0
242,1,0,1,0,0,1,0
243,1,1,1,1,1,1,1
244,1,1,1,1,1,1,1
245,1,0,1,0,0,1,0
246,0,0,0,0,0,0,0
247,0,0,0,0,0,0,0
248,1,0,0,0,1,1,0
249,1,0,1,0,0,1,0
250,0,0,0,0,0,0,0
251,1,1,0,1,1,1,1
252,1,1,1,1,1,1,1
253,1,1,0,1,1,1,1
254,1,1,1,1,1,1,1
255,1,1,0,1,1,1,1
256,0,1,1,1,1,1,0
257,1,1,0,1,1,1,1
258,1,0,0,0,0,1,0
259,1,0,0,0,0,1,0
260,1,1,1,0,1,1,0
261,0,1,1,1,1,1,0
262,1,0,1,0,0,1,0
263,1,0,0,0,0,1,0
264,1,0,0,0,0,1,0
265,0,0,1,0,0,1,0
266,1,1,1,1,1,0,1
267,1,1,1,0,1,1,0
268,1,1,1,1,1,1,1
269,1,0,0,0,1,1,0
270,1,1,1,1,1,1,1
271,1,1,1,1,1,1,1
272,1,0,0,0,0,1,0
273,1,1,0,1,1,1,1
274,1,1,1,1,1,1,1
275,1,1,1,1,1,1,1
276,1,0,0,0,1,1,0
277,1,0,0,0,1,1,0
278,1,1,1,1,1,1,1
279,1,1,1,1,1,1,1
280,0,0,0,0,0,0,0
281,1,0,0,0,0,1,0
282,1,0,0,0,0,1,0
283,1,1,0,1,1,0,1
284,1,0,0,0,1,1,0
285,1,0,0,0,0,1,0
286,1,1,1,0,0,1,1
287,1,0,0,0,0,1,0
288,1,0,0,0,1,1,0
289,1,1,1,1,1,1,1
290,1,1,1,0,0,1,1
291,1,0,0,0,1,1,0
292,1,1,1,1,1,1,1
293,1,1,1,1,1,1,1
294,1,0,0,0,0,1,0
295,0,1,1,0,0,1,0
296,1,0,1,0,1,1,1
297,0,0,1,0,0,1,0
298,0,0,0,1,1,1,1
299,1,0,0,0,0,1,0
300,1,0,0,0,0,1,0
301,0,0,0,1,0,1,1
302,0,0,0,0,0,0,0
303,0,0,0,1,1,1,1
304,1,1,1,0,0,1,1
305,1,1,1,1,1,1,1
306,1,1,1,1,1,1,1
307,1,0,1,0,0,1,0
308,1,0,0,0,0,1,0
309,1,0,1,1,1,1,1
310,1,1,1,1,1,1,1
311,1,1,0,1,1,1,1
312,1,0,0,0,0,1,0
313,1,1,1,1,1,1,1
314,1,0,0,0,0,1,0
315,1,0,0,0,1,1,0
316,1,0,0,0,0,1,0
317,1,0,0,0,0,1,0
318,1,0,0,0,0,1,0
319,1,0,0,0,1,1,0
320,0,0,0,0,0,1,0
321,1,0,0,0,0,1,0
322,0,1,1,1,1,1,1
323,1,0,0,0,0,1,0
324,1,0,0,0,0,1,0
325,1,1,0,1,1,1,1
326,1,1,1,1,1,0,1
327,1,0,0,0,1,1,0
328,1,0,0,0,0,1,0
329,1,0,1,1,1,1,1
330,1,0,0,0,0,1,0
331,0,0,0,0,0,0,0
332,1,0,0,0,0,1,0
333,1,0,0,0,1,1,0
334,1,0,0,0,0,1,0
335,1,1,1,1,1,1,1
336,1,0,0,0,1,1,0
337,0,1,1,1,1,1,1
338,1,0,0,0,1,1,0
339,1,1,0,1,1,1,1
340,1,0,0,0,0,1,0
341,1,0,1,0,0,1,0
342,1,0,0,0,0,1,0
343,0,1,1,1,1,1,1
344,1,1,1,1,1,1,1
345,0,1,1,0,0,1,1
346,1,1,1,0,0,1,1
347,1,1,0,1,1,1,1
348,1,1,0,1,1,1,1
349,0,0,0,0,0,1,0
350,1,1,0,1,1,1,1
351,1,0,0,0,0,1,0
352,1,1,0,1,1,1,1
353,1,1,0,1,1,1,1
354,1,1,1,0,0,1,1
355,1,0,0,0,0,1,0
356,1,1,1,1,1,1,1
357,1,0,0,0,0,1,0
358,1,0,0,0,1,1,0
359,0,0,0,0,0,1,0
360,1,1,0,1,1,1,1
361,1,0,0,0,0,1,0
362,1,1,0,1,1,1,1
363,0,0,0,0,0,0,0
364,0,1,1,1,1,1,1
365,1,1,1,1,1,1,1
366,1,0,0,0,0,1,0
367,1,0,0,0,1,1,0
368,0,0,0,0,0,0,0
369,0,1,1,1,1,1,0
370,1,0,0,0,1,1,0
371,1,1,1,1,1,1,1
372,0,0,0,0,0,0,0
373,0,1,1,0,0,1,0
374,0,0,0,0,0,0,0
375,0,0,0,0,0,0,0
376,1,0,1,1,1,1,1
377,1,1,1,1,1,1,1
378,1,0,0,0,0,1,0
379,1,0,0,0,0,1,0
380,1,0,1,0,0,1,0
381,1,0,0,0,0,1,0
382,1,0,0,0,0,1,0
383,1,0,0,0,0,1,0
384,1,0,0,0,1,1,0
385,1,1,1,1,1,1,1
386,1,0,0,0,1,1,0
387,1,0,0,0,0,1,0
388,1,1,0,1,1,1,1
389,1,0,0,0,1,1,0
390,1,1,0,1,1,1,1
391,1,0,0,0,1,1,0
392,1,1,0,1,1,1,1
393,1,1,1,1,1,1,1
394,1,0,0,1,1,1,1
395,1,0,0,0,1,1,0
396,1,0,0,0,0,1,0
397,1,0,0,0,1,1,0
398,1,1,0,1,1,1,1
399,1,0,0,0,0,1,0
400,1,1,1,1,1,1,1
401,0,0,1,0,0,1,0
402,1,0,0,0,1,1,0
403,1,0,1,0,1,1,1
404,1,0,0,0,1,1,0
405,1,0,1,0,1,1,1
406,1,0,0,0,0,1,0
407,1,0,0,0,1,1,0
408,0,1,1,0,0,1,0
409,0,0,0,0,0,0,0
410,1,1,1,0,0,1,1
411,1,0,0,0,0,1,0
412,1,1,1,1,1,1,1
413,1,1,0,1,1,1,1
414,1,1,1,1,1,1,1
415,1,0,0,0,1,1,0
416,1,1,1,1,1,1,1
417,1,1,1,1,1,0,1
418,1,0,0,0,0,1,0
419,1,1,1,1,1,1,1
420,1,1,1,1,1,1,1
421,1,0,1,0,0,1,0
422,0,0,1,0,0,1,0
423,0,0,0,0,0,0,0
424,1,1,1,1,1,1,1
425,1,0,0,0,1,1,0
426,1,0,0,0,1,1,0
427,1,0,0,0,1,1,0
428,1,1,1,1,1,1,1
429,1,0,1,0,0,1,0
430,1,1,1,1,1,1,1
431,0,1,1,1,1,1,1
432,1,1,1,1,1,0,1
433,1,1,1,1,1,1,1
434,0,0,0,0,0,0,0
435,0,0,0,0,0,1,0
436,0,0,0,0,0,0,0
437,1,1,1,1,1,1,1
438,1,0,0,0,0,1,0
439,1,1,1,0,1,1,0
440,1,0,0,0,0,1,0
441,1,0,0,0,1,1,0
442,1,1,0,1,1,1,1
443,1,0,0,0,1,1,0
444,0,0,0,0,0,0,0
445,0,0,0,0,0,0,0
446,0,0,0,0,0,0,0
447,1,1,1,1,1,1,1
448,1,1,0,1,1,1,1
449,1,1,1,0,0,1,1
450,0,0,0,0,0,0,0
451,1,0,0,0,0,1,0
452,1,0,0,0,0,1,0
453,1,0,0,0,1,1,0
454,1,1,1,1,1,1,1
455,1,0,0,0,0,1,0
456,1,1,1,1,1,1,1
457,1,0,0,0,0,1,0
458,1,1,0,1,1,1,1
459,1,0,0,0,0,1,0
460,1,0,0,0,0,1,0
461,1,1,0,1,1,1,1
462,1,1,0,1,1,1,1
463,0,0,0,0,0,0,0
464,1,1,0,1,1,1,1
465,1,0,0,0,1,1,0
466,0,0,0,0,0,0,0
467,1,1,1,1,1,1,1
468,1,1,1,1,1,1,1
469,1,1,0,1,1,1,1
470,1,0,0,0,1,1,0
471,1,0,0,0,0,1,0
472,1,0,0,0,0,1,0
473,1,1,0,1,1,1,1
474,1,0,0,0,0,1,0
475,1,1,1,1,1,1,1
476,1,0,0,0,0,1,0
477,1,0,0,0,0,1,0
478,1,1,1,1,1,1,1
479,1,1,0,1,1,1,1
480,1,1,1,1,0,1,1
481,0,0,0,0,0,0,0
482,1,1,0,1,1,1,1
483,1,1,1,1,1,1,1
484,1,0,0,0,0,1,0
485,1,0,0,0,0,1,0
486,1,0,0,0,0,1,0
487,1,0,0,0,1,1,0
488,1,1,0,1,1,1,1
489,1,1,1,0,0,1,1
490,0,1,1,1,1,1,1
491,1,1,0,1,1,1,1
492,1,0,0,0,0,1,0
493,1,1,1,1,1,1,1
494,1,1,0,1,1,1,1
495,1,1,1,1,1,1,1
496,1,0,0,0,1,1,0
497,0,0,0,0,0,0,0
498,1,0,0,0,0,1,0
499,1,0,0,1,1,1,1
500,1,0,0,0,0,1,0
501,1,1,0,1,1,1,1
502,1,1,1,1,1,1,1
503,1,0,0,0,0,1,0
504,0,0,1,0,0,1,0
505,1,1,1,1,1,1,1
506,1,1,0,1,1,1,1
507,1,1,1,1,1,1,1
508,1,1,0,1,1,1,1
509,0,1,1,0,0,1,0
510,1,1,1,0,0,1,1
511,1,1,0,1,1,1,1
512,0,0,0,0,0,0,0
513,1,1,0,1,1,1,1
514,1,0,0,0,0,1,0
515,1,1,1,1,1,1,1
516,1,0,0,0,0,1,0
517,1,0,0,0,0,1,0
518,1,0,0,0,0,1,0
519,1,0,0,0,1,1,0
520,1,0,0,0,1,1,1
521,1,0,0,0,1,1,0
522,1,1,1,1,1,1,1
523,0,0,0,0,0,0,0
524,1,0,0,0,0,1,0
525,1,1,1,1,1,1,1
526,0,0,0,0,0,0,0
527,1,0,0,0,0,1,0
528,1,0,1,0,0,1,0
529,1,0,0,0,0,1,0
530,1,1,1,1,1,1,1
531,1,0,0,0,0,1,0
532,1,0,0,0,0,1,0
533,1,1,1,1,1,1,1
534,1,0,0,0,0,1,0
535,0,0,0,1,1,1,1
536,1,0,0,0,1,1,0
537,1,0,0,0,0,1,1
538,1,1,0,1,1,1,1
539,1,1,1,1,1,1,1
540,1,1,1,0,0,1,1
541,1,1,1,0,0,1,1
542,1,0,0,0,0,1,0
543,1,0,0,0,0,1,0
544,1,0,1,0,0,1,0
545,1,1,1,1,1,1,1
546,0,1,1,1,1,1,1
547,1,1,1,1,1,1,1
548,1,0,0,0,1,1,0
549,1,0,0,0,0,1,0
550,1,0,0,0,1,1,0
551,1,0,0,0,1,1,0
552,1,0,0,0,0,1,0
553,1,0,0,0,0,1,0
554,1,1,1,1,1,1,1
555,1,0,0,0,0,1,0
556,1,1,1,0,0,1,1
557,1,1,1,1,1,1,1
558,1,1,1,1,1,1,1
559,1,1,1,1,1,1,1
560,0,0,0,0,0,0,0
561,1,0,0,0,0,1,0
562,1,0,0,0,0,1,0
563,0,1,1,1,0,1,1
564,1,0,1,0,0,1,0
565,1,0,0,0,1,1,0
566,0,0,0,0,0,1,0
567,1,1,0,1,1,1,1
568,0,0,0,0,0,1,0
569,1,1,1,1,1,1,1
570,0,0,0,0,0,1,0
571,1,0,0,0,1,1,0
572,1,0,0,0,0,1,0
573,1,1,1,1,1,0,1
574,1,0,0,0,1,1,0
575,1,0,0,0,0,1,0
576,1,0,0,0,0,1,1
577,1,1,1,0,1,1,0
578,1,1,1,1,1,1,1
579,1,0,0,0,1,1,0
580,1,0,1,0,0,1,0
581,1,0,0,0,1,1,0
582,1,0,0,0,0,1,0
583,0,0,0,0,0,0,0
584,0,0,0,0,1,0,1
585,1,0,0,0,1,1,0
586,1,0,0,0,0,1,0
587,1,0,0,1,1,1,1
588,1,1,1,0,0,1,1
589,1,1,1,0,1,1,0
590,1,1,1,1,1,1,1
591,0,0,0,0,1,1,1
592,1,0,0,0,0,1,0
593,1,0,0,0,0,1,0
594,1,1,0,1,1,1,1
595,1,0,0,0,0,1,0
596,0,1,1,1,1,1,1
597,1,0,0,0,0,1,0
598,1,1,0,1,1,1,1
599,1,0,0,0,0,1,0
600,1,0,0,0,1,1,0
601,1,0,1,0,1,1,1
602,1,1,1,1,1,1,1
603,1,0,0,0,0,1,0
604,1,0,0,0,1,1,0
605,0,0,0,0,0,0,1
606,0,1,1,1,1,1,1
607,1,0,0,0,0,1,0
608,1,1,1,0,1,1,0
609,0,0,0,0,0,0,0
610,1,0,0,1,1,1,1
611,1,1,1,1,1,1,1
612,1,0,0,0,0,1,0
613,0,1,1,1,1,1,1
614,1,0,0,0,1,1,0
615,1,0,0,0,0,1,0
616,1,1,1,1,1,1,1
617,1,1,1,1,1,1,1
618,1,0,0,0,1,1,0
619,1,1,1,1,1,1,1
620,1,0,0,0,1,1,0
621,1,1,1,1,1,1,1
622,1,0,1,0,0,1,0
623,1,1,0,1,1,1,1
624,1,0,0,0,0,1,0
625,0,0,0,1,0,1,1
626,1,0,0,0,0,1,0
627,1,1,0,1,1,1,1
628,1,1,0,1,1,1,1
629,1,0,0,0,1,1,0
630,0,1,1,1,1,1,1
631,1,0,0,0,0,1,0
632,0,1,1,0,0,1,0
633,1,0,0,0,0,1,0
634,1,0,0,0,1,1,0
635,0,0,0,0,0,0,0
636,1,0,0,0,0,1,0
637,0,0,0,0,0,0,0
638,1,1,1,1,1,1,1
639,1,0,0,0,0,1,0
640,1,1,0,1,1,1,1
641,1,1,1,1,0,1,1
642,1,0,0,0,0,1,0
643,1,1,1,0,0,1,1
644,1,1,1,1,1,1,1
645,1,1,1,1,1,1,1
646,1,0,0,0,0,1,0
647,0,0,0,0,0,0,1
648,1,0,0,0,0,1,0
649,1,0,0,0,0,1,0
650,1,1,1,1,1,1,1
651,1,0,0,0,0,1,0
652,1,0,0,0,0,1,0
653,1,1,1,0,0,1,1
654,1,0,0,1,1,1,1
655,0,1,1,1,1,1,1
656,1,0,0,0,0,1,0
657,0,0,0,0,0,0,0
658,1,0,0,0,1,1,0
659,1,1,1,1,1,1,1
660,1,0,0,0,1,1,0
661,1,1,0,1,1,1,1
662,1,0,0,0,0,1,0
663,1,0,0,0,1,1,0
664,0,1,1,1,1,1,1
665,1,0,0,0,0,1,0
666,1,0,1,0,1,1,1
667,1,0,0,0,0,1,0
668,1,0,0,0,0,1,0
669,0,1,1,1,1,1,1
670,1,0,0,0,0,1,0
671,1,0,1,0,1,1,1
672,1,0,0,0,0,1,0
673,0,0,0,0,1,0,1
674,1,1,1,1,1,1,1
675,0,1,1,1,1,1,1
676,1,0,0,0,1,1,0
677,1,1,1,1,1,1,1
678,1,1,1,1,1,1,1
679,1,1,1,0,0,1,1
680,1,1,1,1,1,1,1
681,1,1,1,1,1,1,1
682,1,0,0,0,0,1,0
683,1,1,1,1,1,1,1
684,1,1,1,1,1,0,1
685,1,1,0,1,1,1,1
686,1,0,0,0,1,1,0
687,0,0,0,0,0,0,0
688,1,1,1,1,1,1,1
689,1,0,0,0,1,1,0
690,1,0,0,0,1,1,0
691,1,1,0,1,1,1,1
692,1,0,0,1,1,1,0
693,0,0,0,0,0,0,0
694,1,0,0,0,1,1,0
695,1,0,0,0,0,1,0
696,1,0,0,0,1,1,0
697,1,0,0,0,0,1,0
698,1,0,0,0,1,1,0
699,1,0,0,0,1,1,0
700,1,0,0,0,0,1,0
701,1,0,0,0,0,1,0
702,1,0,0,0,0,1,0
703,1,1,0,1,1,0,1
704,1,0,1,0,1,1,1
705,1,0,0,0,0,1,0
706,1,0,0,0,0,1,0
707,1,1,1,1,1,1,1
708,1,1,1,1,1,1,1
709,1,0,0,0,1,1,0
710,1,1,1,1,1,1,1
711,1,1,1,0,0,1,1
712,1,1,1,1,1,1,1
713,1,0,0,0,1,1,0
714,0,0,0,0,0,1,0
715,1,0,0,0,0,1,0
716,1,0,0,0,0,1,0
717,1,0,0,0,0,1,0
718,0,0,0,0,0,1,0
719,0,0,0,0,0,0,0
720,1,1,1,1,1,1,1
721,0,1,1,0,0,1,0
722,1,0,0,0,0,1,0
723,1,0,0,0,1,1,0
724,0,1,1,1,1,1,1
725,1,1,1,0,1,1,0
726,1,1,0,1,1,1,1
727,1,1,1,1,1,1,1
728,1,1,1,1,1,1,1
729,1,0,0,0,0,1,1
730,0,1,1,1,1,1,1
731,1,1,1,1,1,1,1
732,1,1,1,0,0,1,1
733,1,1,1,1,1,1,1
734,1,1,0,1,1,1,1
735,0,1,1,1,1,1,0
736,1,0,0,0,1,1,0
737,1,1,1,1,1,1,1
738,1,1,1,0,0,1,1
739,0,1,1,1,1,1,0
740,1,0,0,0,0,1,0
741,1,0,0,0,0,1,0
742,1,0,0,0,1,1,0
743,1,1,0,1,1,1,1
744,1,0,0,1,1,1,1
745,1,0,0,0,1,1,0
746,1,1,1,1,1,1,1
747,1,0,0,0,0,1,0
748,0,0,1,0,0,1,0
749,0,0,0,0,0,1,0
750,1,0,1,0,0,1,0
751,1,0,0,0,0,1,0
752,1,1,1,1,1,1,1
753,1,1,0,1,1,1,1
754,1,0,0,0,0,1,0
755,1,1,1,1,0,1,1
756,1,0,0,0,0,1,0
757,0,0,0,1,0,1,1
758,1,0,0,0,0,1,0
759,1,0,0,0,1,1,0
760,0,0,0,0,0,0,0
761,1,1,1,1,1,1,1
762,1,1,0,1,1,1,1
763,1,0,1,0,0,1,0
764,1,0,1,0,0,1,0
765,1,0,0,0,1,1,0
766,0,0,0,1,0,1,1
767,1,1,1,1,1,1,1
768,1,1,1,0,1,1,0
769,1,0,0,0,0,1,0
770,1,0,0,0,0,1,0
771,0,1,1,1,1,1,0
772,1,1,0,1,1,1,1
773,1,0,0,0,0,1,0
774,0,0,0,0,0,0,1
775,1,1,0,1,1,1,1
776,0,0,0,1,0,1,1
777,1,0,0,0,0,1,0
778,1,0,0,0,1,1,0
779,1,0,1,0,0,1,0
780,1,1,1,0,0,1,1
781,1,0,0,0,0,1,1
782,1,1,1,1,1,0,1
783,1,1,0,1,1,1,1
784,1,0,1,0,0,1,0
785,1,0,0,0,0,1,0
786,1,1,1,1,1,1,1
787,0,0,0,1,0,1,1
788,1,1,0,1,1,1,1
789,1,0,0,0,1,1,0
790,1,0,0,0,0,1,0
791,1,0,1,0,1,1,1
792,1,0,0,0,1,1,0
793,1,1,1,1,1,1,1
794,0,0,0,0,0,0,0
795,1,0,0,0,1,1,0
796,1,1,1,1,1,1,1
797,0,0,0,0,0,1,0
798,1,1,0,1,1,1,1
799,1,0,0,0,0,1,0
800,1,0,0,0,1,1,0
801,0,0,0,0,0,0,0
802,1,1,1,1,1,1,1
803,0,0,0,0,0,0,0
804,1,1,0,1,1,1,1
805,1,1,0,1,1,1,1
806,1,0,0,0,1,1,0
807,0,1,1,1,1,1,1
808,0,0,0,0,0,0,0
809,1,1,0,1,1,1,1
810,1,1,0,1,1,1,1
811,1,0,0,0,1,1,0
812,1,0,0,0,0,1,0
813,1,1,0,1,1,1,1
814,1,0,0,0,0,1,0
815,1,1,0,1,1,1,1
816,0,0,0,0,0,1,0
817,1,0,0,0,1,1,0
818,1,0,0,0,1,1,0
819,1,1,0,1,1,1,1
820,0,0,0,0,0,0,0
821,1,0,0,0,1,1,0
822,1,0,0,0,0,1,0
823,0,0,0,0,0,0,0
824,1,0,0,0,1,1,0
825,0,0,0,0,0,0,0
826,1,1,0,1,1,1,1
827,1,1,0,1,1,1,1
828,1,0,0,0,0,1,0
829,1,0,0,0,0,1,0
830,0,1,1,1,1,1,1
831,1,0,0,0,0,1,0
832,0,0,0,0,0,0,0
833,1,1,1,0,0,1,1
834,1,0,0,0,1,1,0
835,1,0,0,0,0,1,0
836,1,1,1,1,1,1,1
837,1,0,1,0,1,1,1
838,1,0,0,0,0,1,0
839,0,0,0,0,0,0,0
840,0,0,0,0,0,0,0
841,1,0,0,0,1,1,0
842,1,0,0,0,1,1,0
843,0,1,1,1,1,1,1
844,0,0,0,0,0,0,0
845,0,0,0,0,0,0,0
846,1,1,1,1,1,1,1
847,1,0,0,0,0,1,0
848,1,1,1,1,1,1,1
849,1,0,0,0,0,1,0
850,1,0,0,0,0,1,0
851,1,1,1,1,0,1,1
852,0,0,0,0,0,0,0
853,1,0,0,1,1,1,1
854,1,0,0,0,0,1,0
855,1,1,0,1,1,1,1
856,1,1,1,1,1,1,1
857,1,1,1,0,0,1,1
858,1,0,0,0,1,1,0
859,1,0,0,0,1,1,0
860,1,0,0,0,0,1,0
861,1,0,0,0,0,1,0
862,1,0,0,0,1,1,0
863,1,0,0,0,0,1,0
864,1,0,0,0,0,1,0
865,1,0,0,0,0,1,0
866,1,0,0,0,0,1,0
867,1,1,0,1,1,1,1
868,1,0,0,0,0,1,0
869,0,0,0,0,0,1,0
870,1,0,0,0,0,1,0
871,1,1,1,0,0,1,0
872,0,0,0,0,0,0,0
873,1,0,0,0,1,1,0
874,1,1,0,1,1,1,1
875,1,1,1,1,1,1,1
876,1,1,1,1,1,1,1
877,0,0,0,0,0,0,0
878,0,0,0,0,0,0,0
879,1,1,1,1,1,1,1
880,1,0,0,0,1,1,0
881,1,0,0,0,1,1,0
882,1,1,0,1,1,1,1
883,1,0,0,0,1,1,0
884,1,0,0,0,0,1,0
885,0,0,0,0,0,0,0
886,1,0,0,0,0,1,0
887,0,0,0,0,0,0,0
888,1,0,1,0,1,1,1
889,0,0,0,0,0,0,0
890,0,1,1,1,1,1,1
891,1,0,0,0,0,1,0
892,1,0,0,0,0,1,0
893,0,1,1,1,1,0,0
894,0,1,1,1,1,1,1
895,1,0,0,0,1,1,0
896,1,1,1,0,0,1,1
897,1,0,0,0,0,1,0
898,1,1,1,1,1,1,1
899,1,1,0,1,1,1,1
900,1,1,1,1,1,1,1
901,1,1,0,1,1,1,1
902,1,0,1,0,1,1,1
903,1,1,0,1,1,1,1
904,1,0,0,0,0,1,0
905,1,0,0,0,1,1,0
906,0,0,0,0,0,1,0
907,1,0,1,1,1,1,1
908,1,0,0,0,0,1,0
909,1,0,0,0,0,1,0
910,1,0,0,0,1,1,0
911,0,1,1,0,0,1,0
912,0,0,0,1,1,1,1
913,1,1,1,1,1,1,1
914,1,0,0,0,0,1,0
915,1,0,0,0,0,1,0
916,0,0,0,0,0,0,0
917,1,0,0,0,1,1,0
918,0,0,0,0,0,0,0
919,1,0,0,0,1,1,0
920,1,0,0,0,1,1,0
921,1,1,1,1,1,1,1
922,1,0,0,0,0,1,0
923,1,1,1,1,1,1,1
924,0,0,0,0,0,0,0
925,1,1,0,1,1,1,1
926,1,0,1,1,1,1,1
927,0,0,0,0,0,0,0
928,1,1,1,1,1,1,1
929,1,1,1,1,1,1,0
930,0,0,0,0,0,0,0
931,1,1,0,1,1,1,1
932,1,0,0,0,0,1,0
933,1,0,0,0,0,1,0
934,1,0,0,0,0,1,0
935,1,1,0,1,1,1,1
936,1,0,0,0,1,1,0
937,1,0,1,0,1,1,1
938,0,0,0,0,0,0,0
939,1,0,0,0,0,1,0
940,1,0,0,0,1,1,0
941,1,1,0,1,1,1,1
942,0,0,1,0,0,1,0
943,1,0,0,0,0,1,0
944,0,0,0,0,0,1,0
945,1,0,0,1,1,1,1
946,1,0,0,0,0,1,0
947,1,1,1,1,1,1,1
948,1,1,0,1,1,1,1
949,1,0,1,1,1,1,1
950,1,0,0,0,0,1,0
951,1,0,0,0,1,1,0
952,1,1,0,1,1,0,1
953,1,0,0,0,1,1,0
954,1,0,1,0,0,1,0
955,1,1,1,1,1,1,1
956,1,0,1,0,0,1,0
957,1,0,1,0,1,1,1
958,1,1,1,1,1,1,1
959,1,0,0,0,0,1,0
960,1,0,0,0,0,1,0
961,1,1,0,1,1,1,1
962,1,0,0,0,0,1,0
963,1,0,0,0,1,1,0
964,1,0,0,0,0,1,0
965,1,1,1,1,1,1,1
966,1,0,0,0,0,1,0
967,1,0,0,0,0,1,0
968,1,0,0,0,0,1,0
969,1,1,1,0,0,1,1
970,1,1,0,1,1,1,1
971,0,0,0,0,0,0,0
972,1,1,1,0,1,1,0
973,0,0,0,0,0,1,0
974,0,0,0,0,0,0,0
975,1,1,1,1,1,1,1
976,1,1,1,1,1,1,1
977,1,1,1,1,1,1,1
978,1,1,1,0,0,1,1
979,1,0,0,0,0,1,0
980,0,0,1,0,0,1,0
981,0,0,0,0,0,0,0
982,1,0,0,0,1,1,0
983,1,1,0,1,1,1,1
984,1,1,0,1,1,1,1
985,1,1,0,1,1,1,1
986,1,0,1,0,0,1,0
987,1,0,0,0,1,1,0
988,1,0,0,0,1,1,0
989,1,0,0,0,0,1,0
990,1,0,0,0,0,1,0
991,0,0,0,0,0,0,1
992,0,0,0,0,0,0,0
993,1,0,0,0,1,1,0
994,1,0,0,0,0,1,0
995,1,1,1,0,0,1,1
996,1,1,0,1,1,1,1
997,1,0,1,0,0,1,0
998,0,1,1,1,1,1,1
999,1,1,1,1,1,1,1
1000,1,1,1,1,1,1,1
1001,0,0,0,0,0,1,0
1002,1,1,0,1,1,1,1
1003,1,0,0,0,0,1,0
1004,1,1,1,1,1,1,1
1005,1,0,0,0,0,1,0
1006,0,0,0,0,1,0,1
1007,1,0,0,0,0,1,0
1008,1,0,1,0,1,1,1
1009,1,0,0,0,0,1,0
1010,1,1,0,1,1,1,1
1011,1,1,1,1,1,1,1
1012,1,0,0,0,0,1,0
1013,1,1,0,1,1,1,1
1014,1,0,0,0,0,1,0
1015,1,1,1,0,0,1,1
1016,1,0,1,0,0,1,0
1017,1,1,0,1,1,1,1
1018,1,1,1,1,1,1,1
1019,1,1,1,0,0,1,0
1020,1,1,0,1,1,1,1
1021,0,0,0,0,0,0,0
1022,1,0,0,0,0,1,0
1023,1,1,0,1,1,1,1
1024,1,0,1,1,1,1,1
1025,1,0,0,0,0,1,0
1026,1,1,1,1,1,1,1
1027,0,0,0,0,0,0,0
1028,1,1,1,1,1,1,1
1029,1,0,0,0,0,1,0
1030,1,1,0,1,1,1,1
1031,1,0,1,1,1,1,1
1032,1,0,0,0,0,1,0
1033,1,1,1,1,1,1,1
1034,1,1,0,1,1,1,1
1035,1,0,0,0,0,1,0
1036,0,0,0,0,0,0,0
1037,1,1,1,1,1,1,1
1038,1,0,1,0,0,1,0
1039,1,1,1,1,1,1,1
1040,0,0,0,1,1,1,1
1041,1,1,1,1,0,1,1
1042,1,0,1,0,0,1,0
1043,0,0,0,0,0,0,0
1044,0,0,0,0,0,0,0
1045,1,1,0,1,1,1,1
1046,1,0,1,1,1,1,1
1047,1,1,1,1,1,1,1
1048,1,1,1,0,1,1,0
1049,1,1,1,1,1,1,1
1050,0,0,0,0,0,1,0
1051,1,0,0,0,1,1,0
1052,1,0,0,0,1,1,0
1053,1,0,0,0,1,1,0
1054,1,0,0,0,0,1,0
1055,1,0,0,0,0,1,0
1056,1,0,0,0,1,1,0
1057,1,0,0,0,0,1,0
1058,0,1,1,0,0,1,0
1059,1,0,0,0,0,1,0
1060,1,1,1,1,1,1,1
1061,1,1,1,1,1,1,1
1062,1,1,0,1,1,1,1
1063,1,1,0,1,1,1,1
1064,1,1,1,0,0,1,1
1065,0,0,0,0,0,0,0
1066,1,1,0,1,1,1,1
1067,1,1,1,1,1,1,1
1068,1,0,0,0,1,1,0
1069,0,0,0,1,0,1,1
1070,1,1,1,0,0,1,1
1071,1,0,1,0,0,1,0
1072,0,0,0,0,0,0,0
1073,1,0,0,0,0,1,0
1074,1,0,0,0,1,1,0
1075,1,1,1,0,0,1,1
1076,1,0,0,0,0,1,0
1077,0,0,1,0,0,1,0
1078,1,1,1,1,1,1,1
1079,1,1,1,1,1,0,1
1080,1,0,0,0,0,1,0
1081,1,1,1,1,1,1,1
1082,1,1,1,1,1,1,1
1083,1,0,1,0,1,1,1
1084,0,0,0,0,0,1,0
1085,0,1,1,0,0,1,0
1086,1,1,0,1,1,1,1
1087,1,1,0,1,1,1,1
1088,1,0,0,0,1,1,0
1089,1,0,0,0,1,1,0
1090,1,0,0,0,0,1,0
1091,1,1,0,1,1,1,1
1092,1,0,0,0,1,1,0
1093,0,0,0,0,0,0,0
1094,1,0,0,0,1,1,0
1095,1,0,1,1,1,1,1
1096,1,0,0,0,1,1,0
1097,1,1,0,1,1,1,1
1098,0,0,0,0,0,0,0
1099,1,1,1,1,1,1,1
1100,1,0,0,0,1,1,0
1101,1,0,0,0,0,1,0
1102,1,1,1,1,1,1,1
1103,1,1,1,0,0,1,1
1104,1,0,0,0,1,1,0
1105,1,0,0,0,0,1,0
1106,1,0,1,0,1,1,1
1107,0,0,0,0,0,1,0
1108,1,0,0,0,0,1,0
1109,1,1,0,1,1,1,1
1110,1,0,0,0,0,1,0
1111,1,0,0,0,1,1,0
1112,1,1,1,1,1,1,1
1113,1,1,1,0,0,1,1
1114,1,0,0,0,1,1,0
1115,1,1,0,1,1,1,1
1116,1,0,0,0,0,1,0
1117,1,1,1,1,1,1,1
1118,1,0,0,0,0,1,0
1119,1,0,0,0,0,1,0
1120,1,0,1,1,1,1,1
1121,1,1,1,1,1,1,1
1122,1,1,1,1,0,1,1
1123,0,0,0,0,0,0,0
1124,0,0,0,0,0,0,0
1125,1,1,1,1,1,1,1
1126,1,1,0,1,1,1,1
1127,1,1,1,1,1,1,1
1128,0,0,0,0,0,0,0
1129,0,1,1,0,0,1,0
1130,1,1,1,0,0,1,1
1131,1,1,0,1,1,1,1
1132,1,0,0,0,1,1,0
1133,1,1,0,1,1,1,1
1134,0,0,1,0,0,1,0
1135,1,0,0,0,0,1,0
1136,0,1,1,1,1,1,1
1137,0,1,1,1,1,1,1
1138,1,0,0,0,0,1,0
1139,0,1,1,1,1,1,1
1140,1,0,0,0,1,1,0
1141,1,1,0,1,1,1,1
1142,1,1,0,1,1,1,1
1143,1,1,1,0,0,1,1
1144,1,0,0,0,1,1,0
1145,1,0,0,0,1,1,0
1146,0,0,0,0,0,0,0
1147,1,0,0,0,0,1,0
1148,1,1,1,1,1,1,1
1149,0,1,1,0,0,1,0
1150,1,0,0,0,1,1,0
1151,1,1,1,1,1,1,1
1152,1,0,0,0,1,1,0
1153,1,0,0,0,1,1,0
1154,1,0,0,0,0,1,0
1155,1,1,1,0,0,1,1
1156,1,1,1,1,1,0,1
1157,1,1,0,1,1,1,1
1158,1,0,0,0,0,1,0
1159,1,0,0,0,0,1,0
1160,1,0,0,0,1,1,0
1161,1,1,1,1,1,1,1
1162,1,0,0,0,1,1,0
1163,1,0,0,0,1,1,0
1164,1,1,0,1,1,0,1
1165,1,1,1,1,1,1,1
1166,1,0,0,0,0,1,0
1167,1,1,1,1,0,1,1
1168,1,0,0,0,0,1,0
1169,1,1,1,0,0,1,1
1170,1,0,1,0,0,1,0
1171,1,1,0,1,1,1,1
1172,1,1,1,0,0,1,1
1173,1,0,0,0,0,1,0
1174,0,0,0,0,0,0,0
1175,0,0,0,1,1,1,1
1176,1,0,1,0,0,1,0
1177,1,0,0,0,0,1,0
1178,1,1,1,1,1,1,1
1179,0,1,1,0,0,1,0
1180,1,0,0,0,0,1,0
1181,1,0,1,0,0,1,0
1182,1,1,1,1,1,1,1
1183,1,0,0,0,1,1,0
1184,0,0,0,0,0,0,0
1185,0,0,0,0,0,0,0
1186,1,0,1,0,1,1,1
1187,1,0,0,0,0,1,1
1188,0,0,0,0,0,0,0
1189,1,0,0,1,1,1,1
1190,1,0,0,0,0,1,0
1191,0,0,0,0,0,1,0
1192,1,1,0,1,1,1,1
1193,1,0,0,0,1,1,0
1194,1,0,0,0,0,1,0
1195,1,1,1,0,0,1,1
1196,1,1,1,1,1,0,1
1197,1,1,0,1,1,1,1
1198,1,0,0,0,1,1,0
1199,1,1,0,1,1,1,1
1200,1,1,1,0,0,1,1
1201,1,0,1,0,0,1,0
1202,0,1,1,1,1,1,1
1203,1,0,0,0,1,1,0
1204,1,0,0,0,1,1,0
1205,1,0,1,0,0,1,0
1206,1,1,0,1,1,1,1
1207,1,1,0,1,1,1,1
1208,1,1,1,1,1,1,1
1209,1,0,0,0,1,1,0
1210,0,1,1,1,1,1,0
1211,1,0,0,0,0,1,0
1212,0,0,0,0,0,0,0
1213,1,1,0,1,1,1,1
1214,1,0,0,0,1,1,0
1215,1,0,1,1,1,1,1
1216,0,0,0,0,0,0,0
1217,0,0,0,1,1,1,1
1218,1,1,0,1,1,1,1
1219,0,0,0,1,1,1,1
1220,0,0,0,0,0,0,0
1221,0,0,0,0,0,1,0
1222,1,0,1,0,1,1,1
1223,1,0,0,0,1,1,0
1224,0,0,0,0,0,0,0
1225,1,1,1,1,1,1,1
1226,1,0,0,0,0,1,0
1227,1,1,1,0,0,1,1
1228,1,0,0,0,0,1,0
1229,1,1,1,1,1,1,1
1230,1,0,0,0,0,1,0
1231,1,1,1,1,1,1,1
1232,1,1,1,1,1,1,1
1233,0,0,1,0,0,1,0
1234,1,0,0,1,1,1,1
1235,1,0,0,0,0,1,0
1236,1,0,1,0,0,1,0
1237,1,1,0,1,1,1,1
1238,1,1,1,0,0,1,1
1239,1,1,1,0,0,1,1
1240,0,0,0,0,0,0,0
1241,1,0,0,0,1,1,0
1242,1,0,1,0,0,1,0
1243,0,0,0,1,1,1,1
1244,0,0,0,0,0,0,0
1245,1,0,0,0,1,1,0
1246,1,0,0,0,0,1,0
1247,1,0,0,0,0,1,0
1248,1,0,1,0,1,1,1
1249,1,0,0,0,0,1,0
1250,1,1,1,1,1,1,1
1251,1,0,0,0,0,1,0
1252,1,0,0,0,0,1,0
1253,0,0,0,0,0,0,0
1254,0,0,0,0,0,0,1
1255,0,0,1,0,0,1,0
1256,1,1,0,1,1,1,1
1257,1,1,1,1,1,1,1
1258,1,0,0,0,0,1,0
1259,0,0,0,0,0,0,1
1260,0,0,0,0,0,0,0
1261,1,1,0,1,1,1,1
1262,1,0,0,0,0,1,0
1263,1,1,0,1,1,1,1
1264,1,0,0,0,1,1,1
1265,0,1,1,0,0,1,0
1266,1,1,0,1,1,1,1
1267,1,0,0,0,0,1,0
1268,1,0,0,0,0,1,0
1269,1,1,1,1,1,1,1
1270,1,1,0,1,1,1,1
1271,1,0,0,0,0,1,0
1272,1,0,1,0,1,1,1
1273,1,0,0,0,0,1,0
1274,1,1,1,1,1,1,1
1275,1,0,0,1,1,1,1
1276,1,1,1,1,1,1,1
1277,1,0,1,1,1,1,1
1278,1,0,0,0,0,1,1
1279,1,0,1,1,1,1,1
1280,1,0,1,0,0,1,0
1281,0,0,0,0,0,0,0
1282,0,0,0,0,0,0,0
1283,0,0,0,0,0,1,0
1284,0,0,0,0,0,1,0
1285,1,0,0,0,0,1,0
1286,1,1,0,1,1,1,1
1287,0,0,0,0,0,0,0
1288,1,0,0,0,0,1,0
1289,1,0,0,0,1,1,0
1290,1,0,0,1,1,1,1
1291,1,1,1,1,1,1,1
1292,1,1,1,1,1,1,1
1293,1,0,0,0,0,1,0
1294,1,1,1,1,1,1,1
1295,0,0,0,1,0,1,1
1296,1,0,0,0,1,1,0
1297,1,1,0,1,1,1,1
1298,1,0,0,0,0,1,0
1299,0,0,0,0,0,0,0
1300,1,0,0,0,0,1,0
1301,1,0,1,1,1,1,0
1302,1,1,0,1,1,1,1
1303,1,0,0,0,1,1,0
1304,0,0,0,0,0,0,0
1305,1,1,1,0,1,1,0
1306,1,1,0,1,1,1,1
1307,1,1,1,0,0,1,1
1308,1,0,0,0,0,1,0
1309,1,0,0,0,1,1,0
1310,1,1,1,1,1,1,1
1311,1,1,1,1,1,1,1
1312,1,1,1,1,1,1,1
1313,0,0,0,0,1,1,1
1314,1,1,1,1,1,1,1
1315,1,1,0,1,1,1,1
1316,1,0,0,0,1,1,0
1317,1,0,0,0,1,1,0
1318,1,0,0,0,0,1,0
1319,1,1,1,1,1,1,1
1320,1,0,0,0,1,1,0
1321,1,0,0,0,1,1,0
1322,1,0,0,0,0,1,0
1323,1,0,1,0,1,1,1
1324,1,0,0,0,0,1,0
1325,0,0,0,0,0,0,0
1326,1,1,1,0,1,1,0
1327,1,0,0,0,0,1,0
1328,1,1,0,1,1,1,1
1329,1,0,0,0,0,1,0
1330,0,1,1,1,1,1,1
1331,1,0,0,0,1,1,0
1332,1,0,0,0,0,1,0
1333,1,1,1,1,1,1,1
1334,1,0,0,0,0,1,0
1335,1,0,0,0,0,1,0
1336,1,1,1,0,1,1,0
1337,1,0,0,0,0,1,0
1338,1,0,0,0,1,1,0
1339,0,0,0,0,0,0,0
1340,1,1,0,1,1,1,1
1341,1,1,1,1,1,1,1
1342,1,0,1,0,0,1,0
1343,1,0,0,0,0,1,0
1344,1,1,0,1,1,1,1
1345,1,0,0,0,0,1,0
1346,1,0,0,0,0,1,0
1347,1,1,1,1,1,1,1
1348,1,0,0,0,1,1,0
1349,1,0,0,0,0,1,0
1350,1,0,0,0,0,1,0
1351,1,0,1,0,0,1,0
1352,1,1,1,1,1,1,1
1353,1,1,1,1,1,1,1
1354,1,0,0,0,0,1,0
1355,1,0,0,0,0,1,0
1356,1,0,0,0,0,1,0
1357,0,0,0,1,0,1,1
1358,1,0,0,0,1,1,0
1359,1,0,1,1,1,1,1
1360,0,0,0,0,0,0,0
1361,1,0,0,0,1,1,0
1362,1,0,0,1,1,1,1
1363,1,0,0,0,0,1,0
1364,1,0,0,0,0,1,0
1365,1,0,0,0,0,1,0
1366,1,0,0,0,1,1,0
1367,1,0,0,0,0,1,0
1368,1,1,1,1,1,1,1
1369,1,0,0,0,0,1,0
1370,1,1,0,1,1,1,1
1371,1,1,0,1,1,1,1
1372,1,1,1,1,1,1,1
1373,1,1,1,1,1,1,1
1374,1,1,0,1,1,1,1
1375,0,0,0,0,0,0,0
1376,0,0,0,0,0,0,0
1377,1,1,1,1,1,1,1
1378,1,1,1,1,1,1,1
1379,1,0,0,0,1,1,0
1380,1,0,1,1,1,1,1
1381,1,0,1,1,1,1,1
1382,1,0,1,1,1,1,1
1383,1,0,0,0,0,1,0
1384,0,0,0,0,0,0,0
1385,1,0,0,0,1,1,0
1386,1,0,1,0,0,1,0
1387,1,0,0,0,1,1,0
1388,0,1,1,1,1,1,1
1389,1,1,0,1,1,0,1
1390,1,1,0,1,1,1,1
1391,0,0,0,0,0,0,0
1392,1,0,0,0,0,1,0
1393,1,1,0,1,1,1,1
1394,1,0,0,0,1,1,0
1395,1,0,0,0,0,1,0
1396,1,1,1,1,1,1,1
1397,0,1,1,1,1,1,1
1398,1,0,0,0,1,1,0
1399,1,1,0,1,1,1,1
1400,1,0,1,0,0,1,0
1401,1,1,1,1,1,1,1
1402,1,0,0,0,0,1,0
1403,1,1,1,1,1,1,1
1404,1,0,0,0,1,1,0
1405,1,0,0,0,0,1,0
1406,1,0,1,1,1,1,1
1407,1,0,0,0,0,1,0
1408,0,0,0,0,0,1,0
1409,1,0,0,0,1,1,0
1410,1,1,1,0,1,1,0
1411,1,0,0,0,1,1,0
1412,1,0,0,0,0,1,0
1413,1,0,0,0,0,1,0
1414,1,1,0,1,1,1,1
1415,1,0,0,0,1,1,0
1416,1,0,1,0,0,1,0
1417,1,1,0,1,1,0,1
1418,1,0,0,1,1,1,1
1419,1,0,0,0,0,1,0
1420,1,0,0,0,0,1,0
1421,1,0,0,0,1,1,0
1422,0,0,0,0,0,0,0
1423,1,1,1,1,1,1,1
1424,1,0,0,0,1,1,0
1425,1,1,1,0,0,1,1
1426,1,0,0,0,0,1,0
1427,1,1,1,0,1,1,0
1428,1,1,0,1,1,1,1
1429,1,0,0,0,0,1,0
1430,1,1,0,1,1,1,1
1431,1,1,0,1,1,1,1
1432,1,0,0,0,0,1,0
1433,1,1,1,1,1,1,1
1434,1,0,0,0,0,1,0
1435,1,1,0,1,1,1,1
1436,0,0,0,1,1,1,1
1437,1,1,1,1,1,1,1
1438,1,1,0,1,1,1,1
1439,1,0,0,0,0,1,0
1440,0,0,0,0,0,1,0
1441,1,0,0,0,0,1,0
1442,1,0,0,0,1,1,0
1443,0,1,1,1,1,1,0
1444,1,1,0,1,1,1,1
1445,1,0,0,0,0,1,0
1446,1,0,0,0,0,1,0
1447,1,1,0,1,1,1,1
1448,0,1,1,1,1,1,1
1449,1,1,0,1,1,1,1
1450,1,1,0,1,1,1,1
1451,1,0,0,0,0,1,0
1452,1,1,1,1,1,1,1
1453,1,0,0,0,0,1,1
1454,1,1,0,1,1,0,1
1455,0,1,1,1,1,1,1
1456,1,0,1,0,0,1,0
1457,1,0,0,0,1,1,0
1458,1,0,0,0,1,1,0
1459,1,1,1,1,0,1,1
1460,1,0,0,0,0,1,0
1461,1,0,0,0,0,1,0
1462,1,1,0,1,1,1,1
1463,1,0,0,0,0,1,0
1464,1,0,0,0,0,1,0
1465,1,0,0,0,1,1,0
1466,1,1,1,1,1,1,1
1467,0,0,0,0,0,0,0
1468,1,0,0,0,0,1,0
1469,1,0,0,0,0,1,0
1470,1,1,0,1,1,0,1
1471,1,1,1,0,1,1,0
1472,1,0,0,0,0,1,0
1473,1,1,1,1,1,1,1
1474,1,0,0,0,1,1,0
1475,1,0,1,1,1,1,0
1476,1,1,0,1,1,1,1
1477,1,1,1,1,1,1,1
1478,1,0,1,0,0,1,0
1479,0,1,1,0,0,1,0
1480,0,0,0,0,0,1,0
1481,1,0,0,0,0,1,0
1482,1,1,1,1,1,0,1
1483,1,1,1,1,1,1,1
1484,0,1,1,0,0,1,0
1485,1,0,0,0,1,1,0
1486,1,1,1,1,1,1,1
1487,0,0,0,1,0,1,1
1488,1,0,0,0,0,1,0
1489,1,0,0,0,1,1,0
1490,0,0,0,0,0,0,0
1491,1,0,1,0,1,1,1
1492,1,1,1,1,1,1,1
1493,1,0,0,0,1,1,0
1494,1,0,1,0,0,1,0
1495,0,0,0,0,0,0,0
1496,1,0,0,0,0,1,0
1497,1,0,1,0,0,1,0
1498,1,0,1,0,1,1,1
1499,1,0,0,0,1,1,0
1500,1,0,0,0,0,1,0
1501,1,0,0,0,1,1,0
1502,1,1,1,1,1,1,1
1503,0,1,1,1,1,1,1
1504,1,0,0,0,0,1,0
1505,1,0,0,0,0,1,0
1506,0,0,0,0,0,0,1
1507,1,1,1,0,0,1,1
1508,1,0,0,0,1,1,0
1509,0,0,0,1,0,1,1
1510,1,0,0,0,1,1,0
1511,1,0,0,0,0,1,0
1512,1,1,1,1,1,1,1
1513,0,0,0,0,0,0,0
1514,1,1,1,0,0,1,1
1515,1,1,0,1,1,1,1
1516,1,1,1,0,0,1,1
1517,1,1,0,1,1,1,1
1518,0,0,0,0,0,0,0
1519,1,0,0,0,0,1,0
1520,1,0,0,0,0,1,0
1521,1,0,0,0,0,1,0
1522,1,1,0,1,1,1,1
1523,0,1,1,1,1,1,1
1524,0,0,0,0,0,0,0
1525,0,1,1,1,1,1,0
1526,1,0,0,0,0,1,0
1527,1,1,1,1,1,1,1
1528,1,0,0,0,0,1,0
1529,1,1,1,1,0,1,1
1530,0,1,1,1,1,1,1
1531,1,0,0,0,1,1,0
1532,1,1,1,1,1,1,1
1533,1,1,0,1,1,1,1
1534,1,1,1,0,0,1,1
1535,1,1,1,0,0,1,1
1536,0,0,0,0,0,0,0
1537,0,0,0,0,0,0,0
1538,0,1,1,1,1,1,1
1539,1,0,1,0,0,1,0
1540,1,0,0,0,0,1,1
1541,0,0,1,0,0,1,0
1542,1,1,1,1,1,1,1
1543,0,0,1,0,0,1,0
1544,1,1,0,1,1,1,1
1545,0,0,0,0,0,0,0
1546,1,1,0,1,1,1,1
1547,1,0,0,0,0,1,0
1548,1,1,1,1,1,0,1
1549,1,0,0,0,0,1,0
1550,1,0,0,0,1,1,0
1551,1,0,0,0,1,1,0
1552,1,1,1,1,1,1,1
1553,0,1,1,1,1,1,0
1554,1,0,0,0,0,1,0
1555,1,0,0,0,0,1,0
1556,1,1,1,1,1,1,1
1557,1,0,0,0,0,1,0
1558,1,0,0,0,0,1,0
1559,0,0,0,0,0,0,0
1560,1,1,1,0,0,1,0
1561,1,0,0,0,1,1,0
1562,1,0,0,0,0,1,0
1563,1,0,0,0,0,1,0
1564,1,0,1,0,0,1,0
1565,1,0,0,0,0,1,0
1566,1,1,0,1,1,1,1
1567,1,0,0,0,1,1,0
1568,0,0,0,0,0,0,0
1569,1,1,1,1,0,1,1
1570,1,0,0,0,0,1,0
1571,1,1,1,0,0,1,1
1572,0,0,0,0,0,0,0
1573,1,0,1,0,0,1,0
1574,0,0,0,0,0,0,0
1575,0,1,1,1,0,1,1
1576,0,1,1,1,1,1,1
1577,1,1,1,1,1,0,1
1578,1,0,0,1,1,1,1
1579,1,0,0,0,0,1,0
1580,1,0,0,0,0,1,0
1581,0,0,0,1,0,1,1
1582,1,0,0,0,0,1,0
1583,1,0,0,0,1,1,0
1584,1,0,0,0,1,1,0
1585,1,1,0,1,1,1,1
1586,1,1,1,1,1,1,1
1587,1,1,1,1,1,1,1
1588,0,1,1,1,1,1,1
1589,1,0,0,0,1,1,0
1590,1,0,0,0,0,1,0
1591,1,0,1,0,1,1,1
1592,1,0,0,1,1,1,1
1593,1,1,1,1,1,1,1
1594,1,0,0,0,1,1,0
1595,1,1,1,1,1,1,1
1596,1,0,0,0,0,1,0
1597,1,1,1,1,1,1,1
1598,1,1,0,1,1,1,1
1599,1,0,0,0,1,1,0
1600,1,1,1,1,1,1,1
1601,1,0,0,0,0,1,0
1602,1,0,0,0,0,1,0
1603,1,0,0,0,0,1,0
1604,0,0,0,0,0,0,0
1605,1,0,1,0,0,1,0
1606,1,1,1,1,1,1,1
1607,0,0,0,0,0,1,0
1608,0,0,0,0,0,0,0
1609,1,0,0,0,0,1,0
1610,1,0,0,0,0,1,0
1611,1,1,1,1,1,0,1
1612,0,0,0,0,0,0,0
1613,1,0,0,0,1,1,0
1614,0,1,1,1,1,1,1
1615,1,0,0,0,1,1,0
1616,1,0,0,0,1,1,0
1617,1,1,1,1,1,1,1
1618,1,1,1,1,1,1,1
1619,1,0,0,0,1,1,0
1620,1,1,1,1,1,1,1
1621,1,1,1,1,1,1,1
1622,1,0,0,0,1,1,0
1623,1,0,0,0,0,1,0
1624,1,0,0,0,0,1,0
1625,0,0,0,0,0,0,0
1626,1,0,0,0,0,1,0
1627,1,0,0,0,0,1,0
1628,1,0,0,0,0,1,0
1629,1,0,0,0,0,1,0
1630,1,0,0,0,0,1,0
1631,1,1,1,1,1,1,1
1632,0,0,0,0,0,0,0
1633,0,0,0,1,0,1,1
1634,1,0,0,0,0,1,0
1635,1,0,0,0,0,1,0
1636,1,1,0,1,1,1,1
1637,1,0,0,0,1,1,0
1638,1,0,0,0,1,1,0
1639,1,0,0,0,1,1,0
1640,1,0,0,0,1,1,0
1641,1,0,0,0,0,1,0
1642,1,1,1,1,1,1,1
1643,0,1,1,1,1,1,1
1644,1,1,1,1,1,1,1
1645,1,0,0,0,0,1,0
1646,0,1,1,1,1,1,1
1647,1,0,0,0,1,1,0
1648,1,0,1,0,0,1,0
1649,0,0,0,0,0,0,1
1650,0,0,0,1,0,1,1
1651,1,1,1,1,1,1,1
1652,1,1,1,1,1,1,1
1653,1,0,0,0,0,1,0
1654,1,1,1,1,1,1,1
1655,1,1,1,1,1,1,1
1656,1,0,0,0,0,1,0
1657,0,0,0,0,0,1,0
1658,1,1,0,1,1,1,1
1659,1,0,0,0,0,1,0
1660,0,1,1,0,0,1,0
1661,1,0,0,1,1,0,1
1662,1,1,1,1,1,1,1
1663,0,1,1,1,1,1,0
1664,1,1,1,1,1,1,1
1665,1,0,0,0,0,1,0
1666,0,0,0,0,1,0,1
1667,1,1,1,1,1,1,1
1668,1,0,0,0,1,1,0
1669,1,0,0,0,0,1,0
1670,1,0,0,0,0,1,0
1671,1,1,1,1,1,1,1
1672,0,0,0,0,0,0,0
1673,1,0,0,0,1,1,0
1674,1,1,1,0,0,1,1
1675,1,0,0,0,0,1,0
1676,1,0,0,0,0,1,0
1677,1,1,0,1,1,1,1
1678,1,0,0,0,0,1,0
1679,1,0,1,0,1,1,1
1680,0,0,0,0,0,0,0
1681,1,0,0,0,0,1,0
1682,1,1,0,1,1,1,1
1683,1,0,0,0,1,1,0
1684,1,1,0,1,1,1,1
1685,1,1,0,1,1,1,1
1686,1,1,1,1,1,1,1
1687,1,0,0,0,0,1,0
1688,1,1,1,1,0,1,1
1689,1,1,1,1,1,1,1
1690,1,1,1,1,1,1,1
1691,1,1,1,1,1,1,1
1692,0,1,1,1,1,1,1
1693,1,0,0,0,0,1,0
1694,1,0,0,0,0,1,0
1695,1,0,0,0,1,1,0
1696,1,1,1,1,1,1,1
1697,1,0,0,0,1,1,0
1698,0,0,0,0,0,0,0
1699,1,0,0,0,1,1,0
1700,0,0,0,0,0,0,0
1701,1,1,1,1,1,1,1
1702,1,1,1,0,0,1,1
1703,1,0,0,0,0,1,0
1704,1,0,0,0,1,1,0
1705,1,0,0,0,1,1,0
1706,1,1,0,1,1,1,1
1707,1,0,0,0,0,1,0
1708,1,1,1,0,0,1,1
1709,1,0,0,0,1,1,0
1710,0,0,0,0,0,0,0
1711,1,0,0,0,0,1,0
1712,1,1,1,1,1,1,1
1713,1,0,0,0,0,1,0
1714,1,1,1,1,1,1,1
1715,1,1,1,1,1,1,1
1716,1,0,0,0,0,1,0
1717,0,0,0,1,0,1,1
1718,1,0,0,0,0,1,0
1719,1,0,0,0,0,1,0
1720,1,1,1,1,1,1,1
1721,1,0,1,0,1,1,1
1722,0,0,0,0,1,0,1
1723,1,1,1,1,1,1,1
1724,1,0,0,0,0,1,0
1725,1,1,1,0,1,1,0
1726,1,1,0,1,1,1,1
1727,1,1,0,1,1,1,1
1728,1,0,0,0,0,1,0
1729,1,0,1,0,0,1,0
1730,0,0,0,0,0,0,0
1731,1,1,0,1,1,1,1
1732,1,0,0,0,0,1,0
1733,1,0,1,0,1,1,1
1734,1,0,0,0,1,1,0
1735,1,1,0,1,1,1,1
1736,1,1,1,1,1,0,1
1737,1,0,0,0,1,1,0
1738,1,1,1,1,1,1,1
1739,1,0,0,0,1,1,0
1740,1,1,1,1,1,1,1
1741,1,1,0,1,1,0,1
1742,1,0,0,0,1,1,0
1743,1,0,1,0,1,1,1
1744,1,1,0,1,1,1,1
1745,1,0,0,0,0,1,0
1746,1,0,0,0,1,1,0
1747,1,1,1,1,1,1,1
1748,0,0,1,0,0,1,0
1749,1,0,0,0,1,1,0
1750,1,0,1,0,0,1,0
1751,0,0,0,0,0,0,0
1752,1,1,1,0,0,1,1
1753,1,1,1,1,1,1,1
1754,1,1,1,1,1,1,1
1755,1,0,0,0,0,1,0
1756,1,1,0,1,1,1,1
1757,1,1,0,1,1,1,1
1758,1,1,0,1,1,1,1
1759,1,0,0,0,0,1,0
1760,1,1,1,1,1,1,1
1761,1,0,0,0,0,1,0
1762,1,1,0,1,1,1,1
1763,1,1,0,1,1,1,1
1764,1,1,0,1,1,1,1
1765,1,0,1,0,0,1,0
1766,1,0,0,0,1,1,0
1767,1,1,1,1,1,0,1
1768,1,1,1,1,1,1,1
1769,1,1,1,0,0,1,1
1770,0,0,0,1,1,1,1
1771,0,0,0,0,0,0,0
1772,0,0,0,0,0,0,0
1773,1,1,1,1,1,1,1
1774,1,1,1,1,1,1,1
1775,1,0,0,0,0,1,0
1776,1,0,0,0,1,1,0
1777,1,0,0,0,0,1,0
1778,1,1,1,0,0,1,1
1779,1,1,0,1,1,1,1
1780,1,1,1,1,1,1,1
1781,1,1,1,1,1,1,1
1782,1,1,1,1,1,1,1
1783,1,1,1,1,1,1,1
1784,1,1,1,1,1,1,1
1785,1,1,1,1,1,1,1
1786,1,0,1,0,0,1,0
1787,1,0,0,0,0,1,0
1788,1,0,1,0,0,1,0
1789,0,0,0,0,0,0,0
1790,1,1,0,1,1,1,1
1791,1,1,0,1,1,0,1
1792,1,0,1,0,0,1,0
1793,1,0,0,0,1,1,0
1794,0,0,0,1,1,1,1
1795,1,1,1,1,1,1,1
1796,1,0,0,0,0,1,0
1797,1,0,0,0,1,1,0
1798,1,1,1,0,0,1,1
1799,1,1,1,0,0,1,1
1800,0,1,1,1,1,1,1
1801,1,0,0,0,0,1,0
1802,1,0,0,0,0,1,1
1803,0,0,0,0,0,1,0
1804,1,0,0,0,0,1,0
1805,0,1,1,1,1,1,1
1806,1,1,0,1,1,1,1
1807,1,1,1,0,1,1,0
1808,1,1,1,1,1,1,1
1809,1,1,0,1,1,1,1
1810,1,1,1,1,1,1,1
1811,1,1,1,1,1,1,1
1812,0,0,0,1,1,1,1
1813,1,0,0,0,0,1,0
1814,1,0,0,0,0,1,0
1815,1,0,0,0,1,1,0
1816,1,1,1,1,1,1,1
1817,1,1,1,1,1,1,1
1818,1,0,1,0,0,1,0
1819,0,0,0,0,0,0,0
1820,1,0,1,0,0,1,0
1821,0,0,0,0,0,0,0
1822,1,1,1,1,1,1,1
1823,1,1,1,1,1,1,1
1824,0,0,0,0,0,0,0
1825,0,0,0,1,1,1,1
1826,0,0,0,1,0,1,1
1827,1,0,0,0,1,1,0
1828,1,1,1,1,1,1,1
1829,1,1,1,1,1,1,1
1830,0,0,0,0,0,0,1
1831,1,1,1,1,1,1,1
1832,1,0,1,0,0,1,0
1833,0,1,1,1,1,1,1
1834,1,0,1,1,1,1,1
1835,1,0,0,0,1,1,0
1836,0,0,0,0,0,1,0
1837,1,1,0,1,1,1,1
1838,1,0,0,0,0,1,0
1839,0,0,0,0,0,0,0
1840,1,1,0,1,1,1,1
1841,1,0,0,0,1,1,0
1842,1,0,0,0,0,1,0
1843,1,0,0,0,1,1,0
1844,1,1,1,0,1,1,0
1845,1,0,0,0,0,1,0
1846,1,0,0,0,1,1,0
1847,0,0,0,0,0,0,0
1848,1,1,1,1,1,1,1
1849,1,1,1,0,0,1,1
1850,1,1,0,1,1,1,1
1851,1,0,1,0,1,1,1
1852,1,0,0,0,0,1,0
1853,1,1,0,1,1,1,1
1854,1,0,0,0,0,1,0
1855,1,0,0,0,0,1,0
1856,1,1,1,1,1,1,1
1857,1,1,1,1,1,1,1
1858,0,0,0,0,0,0,0
1859,1,1,1,1,1,1,1
1860,1,0,0,0,1,1,0
1861,1,0,0,0,0,1,0
1862,1,0,0,0,1,1,0
1863,1,0,0,0,0,1,0
1864,1,0,0,0,0,1,0
1865,1,0,0,0,0,1,0
1866,0,0,0,1,0,1,1
1867,1,0,1,0,0,1,0
1868,1,1,1,1,1,1,1
1869,0,1,1,1,1,1,1
1870,1,0,0,0,1,1,0
1871,1,1,1,1,1,1,1
1872,1,0,1,0,0,1,0
1873,1,0,0,0,0,1,0
1874,0,0,0,0,0,1,0
1875,1,0,0,0,1,1,0
1876,0,0,0,0,0,0,0
1877,1,1,1,1,1,1,1
1878,1,1,1,1,1,1,1
1879,1,0,1,0,0,1,0
1880,1,0,0,0,0,1,0
1881,1,1,1,1,1,1,1
1882,0,0,0,0,0,1,0
1883,1,0,0,0,0,1,0
1884,1,0,0,0,0,1,0
1885,1,1,0,1,1,1,1
1886,1,0,0,0,1,1,0
1887,1,0,0,0,1,1,0
1888,1,1,1,1,1,1,1
1889,1,1,0,1,1,1,1
1890,1,0,0,0,1,1,0
1891,1,1,1,1,1,1,1
1892,1,0,0,0,0,1,0
1893,1,1,1,1,1,1,1
1894,1,1,0,1,1,1,1
1895,1,1,1,1,1,1,1
1896,1,0,0,0,0,1,0
1897,1,1,1,0,0,1,1
1898,1,0,0,0,0,1,0
1899,0,0,0,0,0,1,0
1900,1,0,1,1,1,1,1
1901,1,0,1,1,1,1,1
1902,1,0,0,0,0,1,0
1903,1,0,1,0,0,1,0
1904,1,0,1,0,0,1,0
1905,0,0,0,0,0,0,0
1906,1,0,0,1,1,1,1
1907,1,1,1,1,1,1,1
1908,0,0,0,0,0,0,0
1909,0,0,0,0,0,0,0
1910,1,1,0,1,1,1,1
1911,1,1,0,1,1,1,1
1912,0,0,0,0,0,0,0
1913,1,1,0,1,1,1,1
1914,1,0,0,0,0,1,0
1915,1,1,0,1,1,1,1
1916,1,1,1,0,0,1,1
1917,1,0,1,0,0,1,0
1918,0,0,1,0,0,1,0
1919,0,1,1,1,1,1,0
1920,1,1,1,1,1,1,1
1921,1,1,1,1,1,1,1
1922,1,1,1,1,1,1,1
1923,1,0,0,0,1,1,0
1924,1,0,1,0,0,1,0
1925,1,1,0,1,1,0,1
1926,1,1,1,1,1,1,1
1927,1,1,0,1,1,0,1
1928,1,0,0,0,0,1,0
1929,1,1,1,1,1,1,1
1930,1,0,0,0,1,1,0
1931,1,1,1,1,1,1,1
1932,1,0,0,0,0,1,0
1933,1,1,0,1,1,1,1
1934,1,1,0,1,1,1,1
1935,1,0,0,0,0,1,0
1936,1,0,0,0,1,1,0
1937,0,0,1,0,0,1,0
1938,1,0,0,0,0,1,0
1939,1,1,0,1,1,1,1
1940,0,1,1,1,1,1,1
1941,1,0,0,0,0,1,0
1942,1,0,0,1,1,1,1
1943,0,0,0,0,0,0,0
1944,1,0,0,0,1,1,0
1945,1,1,0,1,1,1,1
1946,0,1,1,0,0,1,0
1947,1,1,0,1,1,1,1
1948,1,0,0,0,1,1,0
1949,1,0,0,0,0,1,0
1950,1,0,0,0,0,1,0
1951,1,1,1,0,1,1,0
1952,1,1,1,1,1,1,1
1953,1,1,1,1,1,1,1
1954,1,1,1,1,1,1,1
1955,1,0,0,0,1,1,0
1956,1,0,0,0,0,1,0
1957,1,0,0,0,1,1,0
1958,1,1,1,1,1,0,1
1959,1,0,0,0,0,1,0
1960,1,1,1,1,1,1,1
1961,1,1,1,1,1,1,1
1962,1,0,0,0,0,1,0
1963,1,1,1,0,0,1,1
1964,1,0,0,0,0,1,0
1965,1,0,0,0,0,1,0
1966,1,0,0,0,0,1,0
1967,1,0,0,0,1,1,0
1968,1,0,0,0,1,1,0
1969,1,0,0,0,1,1,0
1970,1,1,0,1,1,0,1
1971,1,0,0,0,1,1,0
1972,1,1,1,1,1,1,1
1973,0,0,0,0,0,0,0
1974,1,0,0,0,1,1,0
1975,1,0,1,0,0,1,0
1976,0,0,0,0,0,1,0
1977,0,1,1,0,0,1,0
1978,1,0,0,0,0,1,0
1979,1,1,0,1,1,1,1
1980,1,1,0,1,1,1,1
1981,0,1,1,0,0,1,0
1982,1,0,1,1,1,1,0
1983,1,1,0,1,1,1,1
1984,1,0,0,0,0,1,0
1985,1,0,0,0,1,1,0
1986,1,1,1,1,1,1,1
1987,1,0,0,0,0,1,0
1988,0,1,1,1,1,1,1
1989,1,0,1,0,0,1,0
1990,1,0,0,1,1,1,1
1991,1,0,0,0,1,1,0
1992,0,0,0,0,1,0,1
1993,0,1,1,0,0,1,0
1994,1,0,0,0,1,1,0
1995,1,0,0,0,0,1,0
1996,0,1,1,1,1,1,0
1997,1,0,0,0,1,1,0
1998,0,0,0,0,0,1,0
1999,1,0,1,0,1,1,1
2000,1,0,0,0,0,1,0
