shop_id,col_0,col_1,col_2,col_3,col_4,col_5,col_6
1,277,258,232,259,247,256,239
2,121,125,108,95,34,0,0
3,90,121,93,90,70,77,68
4,97,119,132,139,112,88,78
5,42,2,32,180,298,276,312
6,73,69,30,79,93,85,64
7,173,150,160,113,96,157,117
8,75,76,76,60,82,60,72
9,187,203,228,263,227,233,234
10,43,45,62,93,100,67,71
11,43,55,55,46,81,56,84
12,116,105,83,111,56,76,62
13,187,177,226,232,217,227,225
14,44,41,65,61,65,58,64
15,130,112,196,182,133,132,112
16,69,68,80,59,49,35,31
17,83,62,83,89,89,82,74
18,54,56,75,82,63,98,68
19,132,148,181,179,150,143,138
20,101,89,103,100,157,157,160
21,96,89,94,127,67,75,72
22,59,49,68,79,86,57,80
23,0,18,2,2,18,12,4
24,109,105,82,64,43,57,36
25,96,104,124,113,97,114,142
26,119,108,108,136,72,88,85
27,51,64,62,73,84,74,100
28,103,85,84,83,66,76,53
29,119,113,129,125,86,114,82
30,66,52,46,57,58,47,53
31,303,359,357,467,412,290,308
32,86,107,122,127,397,406,425
33,79,111,92,110,84,63,77
34,374,409,414,401,353,341,327
35,191,181,163,171,203,172,141
36,87,72,88,90,67,62,75
37,114,133,154,239,168,200,199
38,48,34,50,62,94,85,90
39,237,340,281,332,220,216,236
40,82,85,73,92,85,90,64
41,185,261,254,264,132,175,144
42,129,125,106,105,81,95,74
43,149,193,181,159,114,86,62
44,72,71,78,67,52,68,51
45,74,49,69,56,38,24,22
46,116,127,129,116,177,178,181
47,45,44,39,51,156,152,155
48,569,569,594,497,467,406,405
49,438,466,446,437,448,454,369
50,62,82,95,75,75,66,46
51,11,14,17,29,65,73,69
52,103,124,104,112,76,106,51
53,98,109,122,98,110,123,134
54,275,270,339,323,404,364,322
55,224,231,273,277,273,261,260
56,111,104,83,58,53,58,50
57,374,395,408,440,372,293,286
58,1553,1505,1613,1631,1664,1728,1651
59,231,247,266,274,216,123,138
60,140,124,115,147,128,150,154
61,72,61,62,61,78,65,62
62,221,196,132,96,74,93,89
63,238,249,199,231,217,213,169
64,102,81,89,108,143,107,120
65,0,0,0,0,289,436,341
66,62,78,74,96,61,62,51
67,59,81,55,64,55,56,63
68,63,57,47,54,68,57,65
69,130,124,113,106,116,113,93
70,48,63,56,78,45,74,45
71,90,107,83,120,140,146,163
72,383,385,440,486,498,472,485
73,93,96,105,100,100,100,96
74,107,91,101,93,101,94,108
75,46,31,31,29,43,68,60
76,64,77,46,62,49,36,32
77,118,147,127,139,105,100,110
78,33,52,52,52,51,50,42
79,22,32,37,39,98,131,124
80,68,71,62,51,58,73,48
81,89,81,82,83,120,112,133
82,77,72,83,67,115,108,136
83,125,138,177,136,88,133,132
84,273,302,336,384,154,164,142
85,109,108,85,77,71,75,80
86,124,109,124,164,119,97,136
87,9,9,22,17,123,163,141
88,329,303,296,426,385,488,397
89,54,62,62,58,32,46,44
90,253,294,271,309,222,249,215
91,114,112,76,115,79,115,89
92,169,168,151,167,123,131,101
93,92,95,116,106,172,143,167
94,84,105,105,101,149,148,160
95,42,55,63,63,81,92,87
96,125,130,125,116,112,119,99
97,99,111,121,154,167,159,201
98,95,85,109,79,96,75,97
99,0,0,0,0,1,22,47
100,306,292,289,252,375,327,466
101,136,120,115,82,95,144,115
102,157,120,133,114,107,124,127
103,68,72,77,66,93,66,85
104,74,80,87,58,107,93,86
105,111,111,103,99,83,79,70
106,65,57,61,51,95,59,63
107,174,151,165,106,57,101,54
108,68,64,100,112,96,96,108
109,92,108,101,108,90,94,89
110,82,96,102,102,158,128,153
111,54,51,52,61,72,70,60
112,123,154,136,147,129,125,130
113,53,49,36,73,129,86,91
114,336,359,391,377,437,552,615
115,303,344,375,371,422,429,439
116,175,177,56,35,339,381,457
117,324,281,246,229,146,161,121
118,23,30,25,37,83,68,96
119,76,85,77,60,51,51,42
120,253,276,270,268,292,288,252
121,54,40,52,55,47,45,37
122,36,52,53,50,49,52,49
123,68,93,70,144,113,96,111
124,359,374,355,379,400,406,402
125,230,139,126,79,60,34,39
126,60,62,87,90,85,63,87
127,195,169,136,110,71,65,43
128,55,68,67,62,35,49,30
129,227,217,191,210,193,203,171
130,293,328,319,264,330,356,316
131,53,62,81,68,58,78,48
132,87,81,82,65,59,56,45
133,55,36,62,53,89,102,100
134,164,170,186,250,335,328,397
135,156,184,142,171,162,155,155
136,91,96,64,106,61,107,109
137,43,54,68,62,73,77,94
138,179,191,166,187,227,260,248
139,95,88,106,89,65,57,55
140,62,70,67,72,251,280,294
141,36,62,51,51,41,38,41
142,148,57,208,228,406,459,492
143,87,80,74,108,116,111,126
144,111,153,133,157,90,103,92
145,126,122,57,58,58,56,66
146,527,576,556,650,370,606,471
147,66,97,95,107,127,136,147
148,23,36,67,56,67,58,61
149,183,193,200,177,118,113,131
150,96,115,115,98,33,23,30
151,42,36,57,68,84,90,94
152,56,48,48,56,53,42,67
153,60,101,98,83,74,55,60
154,0,0,0,0,83,96,91
155,114,110,123,151,119,121,120
156,147,171,150,156,143,130,120
157,71,91,98,98,74,96,90
158,89,69,56,57,76,82,68
159,134,126,86,76,48,61,58
160,76,102,90,99,296,281,320
161,27,69,62,79,80,97,89
162,100,77,105,86,74,68,70
163,104,101,98,91,86,104,80
164,42,88,104,101,136,146,160
165,119,114,147,44,106,93,93
166,106,123,132,111,47,62,52
167,0,0,0,94,119,109,90
168,77,77,73,83,88,84,111
169,140,147,159,165,70,100,78
170,79,94,99,77,62,64,38
171,217,170,163,201,189,229,232
172,196,189,239,264,191,188,161
173,152,166,178,136,175,183,185
174,98,118,100,127,207,223,174
175,104,144,130,120,77,101,71
176,116,101,97,102,73,85,77
177,121,126,114,121,82,111,100
178,66,94,73,123,95,65,93
179,89,74,88,76,50,64,92
180,207,220,174,279,232,310,239
181,107,106,108,88,74,75,72
182,98,78,99,49,44,47,43
183,71,69,57,56,173,179,181
184,45,74,59,70,73,66,67
185,76,73,86,91,118,105,88
186,163,147,186,152,146,164,110
187,91,98,62,80,66,66,64
188,94,105,133,88,85,98,83
189,472,523,513,603,507,479,378
190,69,78,82,68,59,41,41
191,28,35,41,34,64,69,71
192,68,62,61,73,25,44,53
193,165,196,176,163,124,120,124
194,24,20,30,22,34,44,49
195,122,111,102,93,55,59,48
196,172,169,192,129,55,71,59
197,117,99,116,65,53,48,61
198,42,46,44,54,110,123,125
199,153,158,141,174,176,184,161
200,380,419,326,228,161,180,145
201,100,71,64,74,35,27,33
202,0,0,3,122,138,107,85
203,418,489,418,518,386,395,323
204,62,53,73,79,82,61,76
205,86,58,61,90,92,113,100
206,84,77,79,74,34,39,41
207,80,91,109,113,61,68,54
208,71,73,78,94,94,101,91
209,149,164,153,66,59,75,60
210,166,162,203,156,119,87,59
211,91,79,99,74,85,82,76
212,101,114,82,77,51,41,49
213,1,55,23,28,71,59,49
214,79,86,63,60,46,38,38
215,161,224,234,208,151,119,123
216,24,34,22,38,49,54,54
217,464,432,430,405,422,362,339
218,4,6,7,6,46,46,41
219,58,54,46,40,49,63,46
220,34,33,46,28,83,86,94
221,108,106,105,97,90,102,98
222,24,37,42,35,24,12,17
223,122,98,100,116,86,76,75
224,10,13,17,17,85,83,101
225,70,72,74,77,84,86,103
226,137,143,172,140,181,181,201
227,128,131,111,127,66,60,62
228,43,54,70,36,68,70,77
229,73,91,104,78,66,75,58
230,51,55,53,64,47,72,67
231,90,76,79,63,78,75,66
232,93,74,59,58,51,58,71
233,352,309,313,394,231,236,237
234,151,159,171,169,134,139,150
235,159,169,118,159,122,132,114
236,69,69,75,57,76,55,44
237,31,39,44,47,49,37,35
238,38,39,39,38,46,65,57
239,143,141,91,93,85,90,70
240,195,255,197,175,253,246,247
241,57,77,64,85,91,78,78
242,45,45,61,54,74,87,84
243,363,313,318,363,281,286,250
244,25,26,58,133,187,180,163
245,41,60,54,78,149,180,105
246,84,96,87,58,23,31,19
247,128,137,131,147,149,155,182
248,29,48,31,70,64,75,69
249,44,45,68,82,114,125,157
250,62,84,88,71,52,40,39
251,39,44,34,44,89,93,111
252,112,112,93,139,152,145,107
253,101,117,130,119,66,67,60
254,23,41,33,84,51,59,57
255,40,50,56,54,90,86,83
256,203,190,273,262,194,216,175
257,61,74,57,66,77,86,82
258,103,158,196,205,102,79,46
259,65,68,73,64,64,84,79
260,65,67,45,53,38,55,53
261,129,107,115,110,112,104,95
262,56,50,51,69,82,150,153
263,104,131,103,123,138,89,80
264,89,128,91,95,119,115,132
265,96,93,118,128,110,97,119
266,42,55,40,43,43,51,36
267,80,81,98,68,109,95,95
268,51,55,68,49,94,94,88
269,25,30,55,67,102,107,101
270,155,103,102,113,87,98,109
271,37,31,46,39,61,95,82
272,93,131,173,288,440,482,506
273,115,117,99,119,93,112,90
274,28,59,81,64,52,50,70
275,242,268,304,440,516,497,515
276,100,124,154,158,129,131,132
277,60,70,82,92,31,42,34
278,331,301,338,348,273,265,255
279,550,553,536,607,423,477,408
280,65,53,49,46,56,54,55
281,198,200,164,173,169,152,144
282,181,103,115,107,257,258,260
283,252,224,144,101,69,80,49
284,38,45,50,54,31,26,35
285,268,267,290,283,210,205,227
286,87,26,67,167,440,407,427
287,203,212,202,212,184,206,184
288,71,81,89,83,49,73,65
289,49,44,58,59,61,52,61
290,73,65,66,46,58,56,47
291,37,37,45,68,114,96,120
292,89,93,86,94,152,127,166
293,148,177,186,226,161,220,205
294,86,86,74,109,112,128,125
295,54,61,74,84,70,63,40
296,474,442,456,531,381,391,355
297,212,222,232,205,256,322,318
298,328,330,429,514,379,409,323
299,227,212,237,242,191,212,156
300,58,81,47,77,62,48,55
301,48,94,80,67,44,67,63
302,40,62,129,182,183,195,172
303,88,108,114,77,41,52,55
304,245,193,201,189,223,188,179
305,117,114,157,126,109,128,104
306,0,0,9,83,462,0,376
307,156,142,113,88,45,53,63
308,35,29,45,37,100,79,86
309,66,63,71,91,162,124,158
310,201,184,168,219,177,182,150
311,12,19,50,29,116,100,115
312,82,90,95,118,94,124,95
313,0,0,0,0,541,501,603
314,104,93,113,79,106,95,93
315,118,139,164,130,161,167,177
316,75,69,66,84,165,202,171
317,97,77,87,79,65,68,38
318,168,167,167,172,141,114,108
319,151,148,148,148,153,182,179
320,227,260,310,294,194,210,200
321,119,120,133,140,102,104,114
322,60,58,73,61,81,81,80
323,122,171,154,147,160,190,185
324,48,66,59,47,117,130,118
325,96,102,108,61,80,79,66
326,109,76,88,67,87,96,68
327,52,55,61,61,62,55,67
328,105,116,117,127,123,158,159
329,119,114,95,98,77,76,65
330,153,162,150,106,36,53,37
331,0,0,0,0,387,341,372
332,169,178,155,111,100,98,91
333,66,84,78,93,89,108,105
334,74,118,129,106,148,147,176
335,40,44,117,88,164,159,189
336,327,331,322,216,180,226,237
337,102,90,80,80,89,96,68
338,596,597,668,793,420,520,316
339,78,135,117,134,116,89,73
340,61,62,72,56,65,65,72
341,213,219,242,216,168,174,161
342,63,69,75,79,98,117,105
343,80,69,78,74,93,87,91
344,162,142,146,158,160,129,131
345,112,97,93,55,71,91,89
346,197,204,171,186,212,0,128
347,88,75,67,60,53,58,35
348,227,318,258,392,323,325,282
349,77,78,80,83,86,101,98
350,29,65,53,41,200,220,225
351,56,56,68,37,98,83,97
352,0,0,1,1,225,225,294
353,48,47,52,47,51,45,63
354,73,75,61,52,62,70,52
355,37,40,25,22,61,32,35
356,107,99,103,146,158,121,128
357,56,56,56,55,55,62,59
358,80,70,90,107,121,147,119
359,157,153,167,126,157,139,154
360,170,169,189,231,153,148,106
361,75,65,85,98,175,197,232
362,114,115,123,114,142,133,136
363,72,76,79,80,69,66,68
364,139,128,129,136,89,121,88
365,50,61,57,57,53,63,62
366,0,0,0,0,95,70,91
367,59,60,60,80,89,90,84
368,0,0,0,136,298,268,299
369,141,118,131,122,133,123,119
370,140,131,165,335,141,121,114
371,263,276,281,256,209,194,158
372,80,59,75,54,52,50,46
373,59,68,68,65,24,50,50
374,47,44,48,64,34,63,61
375,87,110,101,85,76,60,35
376,49,44,46,41,29,54,32
377,73,76,100,103,86,90,106
378,166,184,179,215,180,182,163
379,109,119,103,73,31,30,29
380,277,277,284,223,223,216,196
381,50,57,58,52,91,43,53
382,49,63,53,46,89,80,62
383,0,0,62,68,99,106,85
384,31,24,16,28,47,51,76
385,80,77,63,58,30,41,42
386,184,178,154,146,128,165,157
387,66,87,66,70,71,82,48
388,104,89,118,123,82,100,88
389,78,79,85,75,91,92,96
390,73,76,75,78,49,46,41
391,266,315,289,320,246,184,257
392,99,101,89,98,280,269,284
393,414,418,463,490,520,528,471
394,105,102,107,133,137,155,158
395,134,161,132,146,205,219,230
396,64,65,73,74,103,117,122
397,141,149,151,206,142,164,127
398,62,58,74,67,77,105,117
399,457,415,333,162,105,83,96
400,58,69,67,62,64,69,51
401,24,29,41,64,88,69,68
402,106,126,142,163,209,232,242
403,149,139,176,142,103,85,64
404,193,172,189,205,180,150,191
405,57,55,69,66,126,122,126
406,63,0,0,126,133,129,139
407,106,84,119,127,169,144,147
408,335,337,369,354,288,338,248
409,74,96,108,85,89,97,96
410,83,67,43,85,64,96,34
411,43,31,27,19,13,28,25
412,19,23,34,24,56,84,82
413,96,101,96,127,186,214,201
414,498,464,499,499,400,490,396
415,33,26,38,33,51,47,57
416,105,116,102,98,69,72,77
417,41,44,25,41,18,38,28
418,169,169,150,119,124,122,145
419,40,74,56,50,23,26,39
420,118,87,102,63,116,133,96
421,104,81,82,77,43,52,34
422,108,98,97,91,114,96,114
423,144,145,144,106,74,70,53
424,84,80,74,90,71,79,56
425,133,130,140,130,94,95,88
426,179,193,215,170,140,114,129
427,72,55,60,54,86,97,115
428,56,69,51,61,111,131,135
429,60,58,57,55,39,48,35
430,70,87,102,97,99,86,111
431,60,53,64,61,66,62,53
432,102,97,107,79,19,41,34
433,56,53,62,64,97,91,80
434,109,89,58,53,35,45,31
435,467,525,540,525,334,312,38
436,304,360,373,453,373,385,417
437,45,56,47,65,59,76,67
438,88,68,82,88,76,55,68
439,101,119,102,114,106,96,122
440,53,65,48,60,64,70,75
441,220,244,207,260,246,224,183
442,84,91,117,79,71,78,80
443,60,60,67,85,68,56,46
444,77,82,68,56,76,73,95
445,118,122,140,155,131,173,141
446,83,75,64,56,45,39,55
447,73,62,100,101,231,266,245
448,39,42,50,56,175,162,186
449,132,95,92,79,33,34,22
450,48,82,59,58,69,60,70
451,175,172,188,151,110,122,107
452,183,175,212,206,211,218,217
453,44,43,55,55,86,60,69
454,66,68,78,63,93,51,57
455,133,104,135,113,112,153,138
456,55,55,73,55,75,76,53
457,77,66,63,71,45,56,55
458,202,232,260,270,156,104,90
459,19,9,24,31,3,6,7
460,17,19,57,69,237,227,235
461,39,49,35,36,53,54,55
462,169,139,141,90,72,54,63
463,143,139,32,100,147,129,136
464,95,121,109,79,84,80,73
465,0,0,0,0,302,397,387
466,131,116,132,135,68,68,69
467,94,91,89,103,100,113,80
468,56,60,58,59,56,50,49
469,28,33,40,47,66,42,47
470,80,93,123,86,52,49,64
471,75,49,64,76,116,82,105
472,337,419,457,477,409,471,411
473,42,51,38,37,80,78,87
474,26,29,27,24,30,24,39
475,169,158,127,156,113,123,124
476,13,17,32,13,93,84,94
477,85,88,91,73,95,97,80
478,44,42,46,55,51,52,38
479,72,78,60,96,66,67,69
480,166,164,164,146,69,62,63
481,80,90,88,96,64,81,83
482,106,105,137,119,78,64,77
483,36,44,49,60,52,44,66
484,87,100,112,78,72,124,65
485,121,124,105,101,124,124,111
486,117,91,72,59,81,78,64
487,41,50,50,61,65,73,56
488,52,61,53,70,81,86,61
489,59,85,76,57,65,77,70
490,33,58,56,47,23,41,24
491,217,221,213,284,290,280,281
492,72,60,63,48,85,77,85
493,27,29,47,82,64,102,89
494,48,71,47,103,78,74,60
495,112,84,86,81,48,40,37
496,151,179,151,107,127,118,138
497,148,162,135,112,56,56,44
498,42,43,66,34,81,75,79
499,87,76,85,83,57,42,37
500,201,178,171,174,148,141,109
501,0,0,0,0,0,41,115
502,173,168,135,155,124,25,0
503,66,50,57,52,94,100,101
504,114,102,120,92,71,74,63
505,0,0,0,0,78,100,115
506,44,80,84,100,70,63,56
507,60,65,59,133,243,207,204
508,74,76,57,52,124,127,148
509,90,134,104,139,39,57,26
510,57,66,67,83,71,62,63
511,167,149,147,159,116,123,130
512,86,64,86,103,90,106,88
513,113,120,104,131,142,118,118
514,57,44,62,79,92,84,84
515,144,99,122,131,138,114,106
516,76,66,67,75,81,71,80
517,2663,2196,2309,2660,1779,1861,1648
518,96,94,84,78,78,81,57
519,144,162,151,184,173,168,182
520,0,0,0,39,61,84,85
521,224,181,171,104,58,60,45
522,175,166,150,157,147,125,109
523,53,52,35,51,37,41,41
524,13,14,14,15,67,76,84
525,58,71,63,85,82,81,70
526,126,109,117,115,79,103,104
527,19,15,30,33,75,65,62
528,529,507,475,499,429,411,355
529,79,77,99,93,107,103,124
530,0,29,42,57,937,954,1013
531,224,171,138,124,125,118,110
532,87,79,90,124,98,89,103
533,50,49,58,64,132,129,141
534,109,112,113,65,27,31,22
535,228,195,202,203,168,187,157
536,50,66,78,86,76,92,87
537,140,153,120,130,121,105,99
538,81,99,88,71,51,36,21
539,104,67,79,99,69,99,78
540,66,61,53,75,76,99,65
541,223,221,194,178,186,177,159
542,60,47,63,63,79,95,86
543,82,86,97,67,78,71,54
544,170,151,176,125,132,129,112
545,135,122,121,109,116,114,110
546,91,100,96,83,67,54,22
547,47,44,63,75,51,46,41
548,67,96,106,121,115,103,112
549,115,113,118,76,77,81,89
550,59,63,60,73,75,76,94
551,141,165,84,193,75,96,80
552,131,136,138,153,92,104,87
553,174,174,179,239,271,307,271
554,106,91,92,121,72,74,58
555,73,66,61,77,131,140,129
556,52,60,40,55,68,59,45
557,253,261,222,238,250,265,313
558,87,103,87,127,80,135,124
559,25,16,24,41,243,234,230
560,183,251,240,338,194,182,162
561,0,0,0,0,56,95,100
562,12,16,20,11,75,54,71
563,66,49,55,49,41,42,33
564,360,346,315,294,177,201,184
565,168,215,218,221,258,264,271
566,72,76,92,93,71,70,63
567,29,53,38,36,71,59,78
568,222,191,177,170,129,141,113
569,68,62,57,170,123,170,147
570,225,230,211,201,129,143,157
571,58,75,71,99,136,148,172
572,366,396,380,344,344,338,350
573,29,45,62,59,53,45,51
574,65,58,45,44,56,58,45
575,115,111,126,105,155,125,160
576,123,105,120,89,62,67,65
577,612,576,556,609,498,648,475
578,118,132,86,92,143,172,150
579,103,99,156,155,117,105,107
580,694,671,661,694,627,739,513
581,51,60,58,61,60,69,70
582,113,108,95,127,58,46,48
583,85,78,74,58,34,32,36
584,147,135,115,106,77,87,75
585,53,51,71,64,77,66,86
586,83,77,87,35,97,87,87
587,106,113,127,117,152,138,114
588,77,73,54,47,48,60,33
589,57,52,39,51,36,39,50
590,84,92,89,123,99,144,117
591,58,53,59,54,46,43,55
592,347,375,406,353,376,391,372
593,294,238,265,143,138,135,130
594,158,149,135,96,56,66,46
595,0,0,0,128,280,334,366
596,35,31,32,37,39,44,58
597,65,62,81,60,58,74,61
598,55,68,57,88,79,79,85
599,46,52,47,48,58,54,54
600,177,215,217,174,214,238,178
601,75,80,91,91,97,97,110
602,93,96,81,69,69,70,61
603,61,51,56,57,65,81,82
604,40,67,77,27,133,133,164
605,89,70,74,71,74,66,55
606,95,107,108,111,131,144,138
607,89,89,85,72,101,86,96
608,242,260,267,265,301,273,282
609,81,82,95,89,88,75,84
610,95,98,98,113,72,63,62
611,104,111,145,155,140,143,134
612,71,69,75,92,87,106,90
613,191,188,195,228,177,221,166
614,177,169,171,145,187,185,183
615,169,160,155,140,116,147,135
616,81,83,102,95,78,92,78
617,0,0,32,68,71,51,54
618,106,126,123,119,174,164,198
619,112,98,111,70,82,73,61
620,94,116,112,133,150,148,160
621,117,126,119,131,164,103,114
622,75,84,53,54,46,53,39
623,74,83,81,93,102,127,102
624,107,152,153,128,138,155,185
625,81,102,97,96,83,118,83
626,91,68,89,78,118,102,101
627,123,157,132,115,217,194,267
628,227,272,243,232,157,161,175
629,124,170,140,197,127,132,115
630,226,169,158,167,116,111,102
631,148,141,172,130,161,139,173
632,0,0,0,0,85,41,40
633,57,51,57,48,51,52,41
634,60,71,76,82,75,85,81
635,77,70,69,77,63,55,47
636,51,95,75,63,99,89,68
637,120,170,201,178,253,233,216
638,182,221,225,261,241,295,291
639,133,162,147,92,101,67,97
640,131,149,180,140,131,164,118
641,60,47,60,74,66,56,62
642,146,138,113,146,134,125,128
643,101,114,95,92,97,109,87
644,80,79,61,56,42,46,29
645,78,77,102,85,120,105,108
646,43,46,43,40,103,106,124
647,167,193,175,156,126,142,101
648,58,66,72,69,94,79,50
649,60,61,92,71,166,139,156
650,489,504,602,724,608,599,548
651,0,0,117,166,245,280,301
652,131,191,123,175,213,219,170
653,105,109,94,104,102,109,102
654,61,100,103,82,134,93,105
655,68,66,76,71,57,60,50
656,0,0,61,120,165,178,200
657,50,65,59,63,45,56,63
658,201,244,218,207,106,150,149
659,0,0,0,0,0,0,0
660,51,86,71,80,57,68,56
661,102,99,115,124,77,107,87
662,50,45,26,32,87,100,117
663,92,83,97,79,60,81,92
664,63,69,74,63,73,60,49
665,187,169,163,102,101,99,84
666,71,58,76,70,86,59,87
667,226,238,236,224,262,324,257
668,480,518,348,175,160,186,137
669,99,76,87,84,78,74,77
670,132,133,148,151,134,126,134
671,251,248,245,235,206,204,176
672,144,158,147,104,102,89,106
673,58,72,64,88,88,80,72
674,46,78,94,107,198,184,231
675,70,78,66,82,80,62,82
676,122,152,136,143,119,120,117
677,89,62,86,123,104,91,108
678,55,50,57,64,92,88,84
679,808,716,690,557,563,587,476
680,24,12,31,27,61,41,52
681,99,94,97,67,97,69,65
682,92,114,96,68,60,84,80
683,70,69,44,55,56,55,48
684,61,57,62,61,71,66,60
685,201,272,196,207,245,244,259
686,94,137,132,151,156,149,115
687,79,93,99,106,92,79,68
688,86,79,84,86,108,97,89
689,45,70,74,74,61,79,70
690,96,140,110,110,76,112,91
691,185,218,205,307,207,168,176
692,170,177,150,108,94,98,79
693,33,44,45,58,68,68,71
694,60,53,66,69,139,145,127
695,172,210,214,208,151,154,104
696,57,59,54,69,62,83,75
697,35,1,43,25,103,77,109
698,36,63,57,62,53,56,48
699,38,36,54,60,70,88,66
700,0,0,0,0,0,0,0
701,74,105,74,2,82,58,69
702,128,127,137,108,90,108,91
703,23,21,32,36,45,51,65
704,31,39,49,47,102,79,91
705,137,127,118,136,50,63,32
706,52,54,54,55,55,61,80
707,71,71,83,68,47,98,91
708,56,63,57,89,89,81,92
709,68,57,64,76,47,61,63
710,69,76,71,79,75,50,72
711,62,77,62,102,117,87,108
712,110,100,97,106,60,59,51
713,239,261,246,272,267,250,204
714,207,185,181,176,138,147,103
715,232,263,264,230,228,216,221
716,37,43,67,103,118,103,126
717,131,140,126,131,70,82,78
718,73,85,86,68,61,61,78
719,130,126,147,150,152,140,129
720,89,113,118,122,147,150,157
721,82,102,85,49,72,229,133
722,0,0,0,0,0,131,142
723,210,218,271,254,148,178,167
724,33,41,52,33,26,44,28
725,99,104,109,98,133,121,116
726,40,36,48,53,51,55,61
727,131,116,109,67,73,92,80
728,381,354,393,416,428,431,436
729,255,252,292,248,268,243,272
730,331,278,314,311,255,305,221
731,703,776,784,1193,1067,1497,1698
732,215,173,187,182,109,143,98
733,72,56,51,70,79,123,100
734,149,201,195,179,136,120,118
735,39,52,58,43,57,58,70
736,99,92,86,103,86,91,89
737,266,271,316,327,347,391,357
738,204,179,164,173,148,158,120
739,85,134,100,85,69,97,71
740,288,200,147,123,85,99,77
741,69,120,101,29,90,93,77
742,27,31,37,41,67,53,70
743,19,20,26,34,116,108,116
744,177,183,150,166,76,75,74
745,0,0,0,0,0,0,51
746,50,65,94,79,74,54,53
747,417,392,385,544,430,436,390
748,161,172,142,143,120,127,114
749,80,88,80,106,76,63,37
750,64,86,94,100,109,118,149
751,0,0,33,72,82,67,79
752,149,126,168,137,123,79,29
753,56,65,52,58,54,67,61
754,67,81,81,106,139,153,131
755,190,225,168,178,133,95,79
756,128,125,150,148,112,122,172
757,212,209,182,183,137,146,135
758,61,45,1,2,2,39,65
759,62,91,66,71,133,106,131
760,126,139,139,149,114,112,86
761,99,103,86,96,105,106,97
762,256,159,142,162,152,139,102
763,126,103,122,68,93,105,105
764,114,82,86,78,67,67,54
765,54,56,57,60,114,139,103
766,51,54,65,74,54,58,48
767,75,61,54,55,66,72,45
768,31,29,36,52,96,70,99
769,273,225,229,248,102,141,88
770,51,48,69,60,55,64,52
771,78,68,96,82,75,107,109
772,183,162,177,155,131,136,114
773,261,221,210,163,119,134,145
774,292,285,239,200,184,194,154
775,208,270,255,266,277,286,344
776,202,214,245,267,213,298,212
777,59,59,70,105,199,214,209
778,50,9,52,34,114,98,122
779,90,123,135,194,149,196,217
780,108,96,120,89,117,124,104
781,248,264,239,208,161,153,188
782,71,69,49,41,47,62,30
783,63,91,79,74,105,107,95
784,57,58,54,58,55,59,69
785,58,54,67,78,70,69,66
786,126,92,63,56,49,44,51
787,142,124,101,111,73,95,69
788,127,109,143,202,334,341,356
789,52,66,59,54,168,165,181
790,49,39,52,60,57,46,64
791,73,90,86,55,76,99,77
792,104,110,126,111,178,183,203
793,62,80,60,82,44,48,41
794,0,0,0,139,161,155,167
795,76,75,72,62,90,118,117
796,30,101,118,84,53,76,55
797,136,115,128,80,74,66,98
798,26,22,26,40,114,85,107
799,128,173,137,124,92,95,91
800,235,266,226,252,164,163,189
801,45,75,69,121,88,89,81
802,90,88,89,93,47,48,37
803,38,31,34,73,189,217,245
804,103,141,133,126,94,106,102
805,83,82,86,94,187,166,196
806,477,487,559,714,486,460,477
807,51,57,53,56,58,88,69
808,464,522,577,660,356,334,180
809,49,40,40,59,57,63,54
810,0,0,0,0,0,0,0
811,73,81,72,51,38,51,43
812,31,48,64,54,162,165,198
813,55,62,51,66,98,83,71
814,166,219,199,192,211,200,204
815,61,49,58,49,44,44,51
816,297,323,290,314,303,292,295
817,92,109,105,113,129,147,120
818,68,73,89,84,41,47,44
819,17,21,13,16,62,62,73
820,175,188,178,223,216,262,210
821,199,225,190,245,217,180,184
822,72,61,65,66,47,82,69
823,95,107,111,111,128,115,125
824,50,86,86,80,93,112,87
825,382,446,480,567,525,520,527
826,44,55,72,62,65,78,96
827,31,27,23,28,66,61,75
828,49,38,34,45,64,55,48
829,314,353,342,303,394,405,445
830,90,114,104,94,86,97,78
831,228,238,248,154,211,221,200
832,62,52,69,64,54,65,67
833,47,44,45,48,87,55,51
834,89,100,115,146,66,79,74
835,117,114,132,112,101,108,91
836,135,136,118,124,76,90,104
837,41,65,56,66,84,67,96
838,103,118,119,107,134,149,128
839,122,126,114,85,75,94,82
840,287,275,256,287,204,170,133
841,27,43,39,47,57,44,44
842,58,42,50,45,29,49,35
843,74,68,62,79,80,65,58
844,67,73,82,78,75,65,58
845,56,69,73,63,101,93,72
846,68,66,64,68,69,59,45
847,197,168,163,106,84,67,65
848,56,45,55,57,134,131,125
849,83,71,97,75,90,80,64
850,326,400,456,404,187,174,140
851,79,66,75,74,83,100,52
852,138,134,111,150,77,106,64
853,170,149,134,122,85,71,72
854,475,481,480,562,506,560,464
855,28,25,43,39,47,31,50
856,53,45,49,73,38,35,45
857,106,91,90,67,55,43,40
858,50,46,62,53,58,91,126
859,53,88,81,84,106,89,107
860,499,556,516,676,560,642,553
861,87,90,105,73,117,124,114
862,142,160,176,231,147,150,164
863,44,41,41,22,54,60,51
864,333,389,389,339,542,629,710
865,320,323,300,269,239,241,193
866,23,32,38,53,348,322,337
867,52,79,81,75,132,120,131
868,104,110,145,177,199,273,257
869,451,403,390,473,264,311,260
870,197,229,207,247,231,193,261
871,109,147,109,103,55,69,44
872,21,28,58,65,179,170,201
873,98,83,72,88,142,153,171
874,75,103,95,97,160,189,233
875,42,43,47,58,110,93,88
876,71,75,74,197,196,222,225
877,158,157,200,164,190,183,226
878,62,82,64,60,45,25,52
879,115,95,95,111,64,70,67
880,32,58,40,57,76,75,78
881,100,87,93,115,88,130,110
882,115,120,103,85,105,95,91
883,53,72,61,91,100,100,88
884,136,121,136,127,166,178,174
885,158,161,136,155,85,112,79
886,87,91,65,70,51,71,54
887,118,111,96,114,59,59,29
888,42,37,36,47,88,70,93
889,129,152,124,146,120,142,134
890,69,51,65,39,31,36,47
891,630,600,708,753,504,569,428
892,123,154,181,170,189,197,196
893,97,81,93,68,50,54,56
894,137,126,101,119,83,126,95
895,85,86,83,93,127,169,162
896,87,78,96,75,78,98,98
897,345,336,375,407,297,334,250
898,60,72,96,85,133,127,104
899,116,119,156,178,113,107,103
900,974,990,907,923,582,638,536
901,87,88,97,112,99,108,117
902,29,41,48,44,68,80,82
903,31,21,29,32,62,63,66
904,127,116,101,112,43,60,37
905,80,93,75,82,61,90,82
906,69,69,76,93,109,137,103
907,95,108,100,115,63,77,86
908,58,61,83,78,87,78,83
909,131,135,132,141,115,122,109
910,230,291,253,223,225,234,224
911,50,86,78,76,54,59,74
912,85,69,84,101,90,100,102
913,169,149,137,121,72,83,57
914,67,55,50,55,63,54,57
915,86,125,107,113,102,124,102
916,228,236,284,245,253,271,295
917,38,52,65,52,58,64,73
918,76,87,89,82,62,81,76
919,74,69,58,63,35,38,44
920,40,49,46,32,56,63,66
921,81,80,52,83,115,121,99
922,65,96,62,79,74,109,90
923,134,131,130,146,89,102,91
924,47,57,96,74,129,139,158
925,15,16,0,9,9,84,117
926,89,83,74,88,67,81,80
927,98,82,115,98,67,65,45
928,98,112,90,118,106,96,107
929,72,76,76,61,50,57,41
930,0,0,3,73,66,62,56
931,54,92,81,107,171,141,183
932,61,46,50,54,54,58,51
933,53,48,83,61,85,86,100
934,740,820,670,687,749,786,688
935,72,79,74,86,117,104,135
936,95,100,83,77,32,41,39
937,208,193,206,146,91,86,71
938,84,71,62,99,87,98,88
939,42,55,42,49,106,96,117
940,70,97,99,118,113,105,108
941,66,84,62,55,53,53,39
942,93,84,62,43,54,63,47
943,97,83,123,113,73,61,65
944,41,63,64,74,40,50,40
945,58,64,83,34,67,59,56
946,115,114,121,95,140,123,117
947,44,54,82,55,74,71,78
948,51,69,62,81,99,105,93
949,52,69,66,61,59,95,67
950,138,165,136,132,151,127,148
951,315,314,280,257,177,194,180
952,52,76,75,82,70,68,80
953,150,161,163,172,142,170,151
954,0,0,81,70,95,114,101
955,91,125,85,102,93,163,101
956,69,57,68,52,48,47,50
957,229,240,259,273,172,165,160
958,0,1,0,0,158,159,180
959,213,251,228,186,225,222,201
960,41,44,55,76,91,86,101
961,199,199,176,192,257,251,252
962,134,140,109,109,117,105,119
963,34,31,41,34,68,76,79
964,211,248,284,305,144,134,110
965,58,76,81,82,92,79,65
966,74,74,101,114,117,90,100
967,75,66,60,85,62,73,84
968,82,90,103,90,124,114,134
969,163,140,145,151,125,145,133
970,45,50,55,60,121,108,148
971,103,126,105,141,113,112,126
972,178,195,175,156,145,155,158
973,157,159,183,200,203,198,186
974,52,46,64,65,99,97,120
975,90,72,66,78,110,89,110
976,91,75,79,72,89,68,88
977,66,78,91,86,89,106,106
978,103,111,122,113,148,153,164
979,112,114,101,151,120,104,116
980,94,101,108,106,81,80,68
981,117,131,129,143,69,64,30
982,116,120,115,127,118,101,108
983,41,49,50,63,59,74,90
984,60,94,110,138,98,68,90
985,108,141,117,135,248,261,293
986,45,78,50,77,111,101,131
987,21,27,35,30,61,77,84
988,275,366,341,385,304,338,304
989,84,89,105,98,179,158,160
990,171,141,202,257,148,114,74
991,124,136,129,110,105,75,97
992,33,49,52,62,86,91,115
993,35,64,48,55,54,75,64
994,149,156,142,121,83,91,88
995,112,117,117,112,118,137,101
996,21,50,31,49,78,66,72
997,0,79,57,80,106,121,113
998,203,162,175,199,180,180,132
999,53,52,0,80,266,222,319
1000,114,100,118,101,64,89,47
1001,36,47,53,30,31,24,22
1002,67,87,84,62,43,39,50
1003,39,54,43,64,56,72,56
1004,88,83,86,119,148,127,114
1005,0,0,5,92,68,79,111
1006,90,79,78,83,67,70,68
1007,85,114,118,114,136,104,122
1008,95,99,87,79,59,67,46
1009,106,106,92,106,78,67,75
1010,46,53,44,65,51,48,36
1011,107,94,111,84,119,90,97
1012,62,71,84,98,116,193,167
1013,61,71,66,49,143,166,174
1014,51,66,67,60,55,69,70
1015,105,90,84,75,84,92,95
1016,56,48,74,56,56,51,60
1017,161,149,156,191,156,118,124
1018,456,464,484,592,402,385,338
1019,109,124,130,116,95,129,121
1020,46,38,50,35,31,70,54
1021,117,140,136,124,148,114,117
1022,94,113,96,116,113,96,84
1023,73,60,54,52,35,36,40
1024,79,74,74,82,60,85,76
1025,162,163,165,152,128,156,115
1026,127,92,89,109,103,169,90
1027,126,122,142,124,117,127,123
1028,25,17,40,34,53,74,80
1029,24,23,32,34,71,78,76
1030,39,28,29,43,90,128,117
1031,65,59,61,68,34,43,42
1032,44,38,56,68,89,53,65
1033,60,70,60,74,45,66,51
1034,80,97,97,96,78,105,88
1035,159,169,206,165,126,138,136
1036,92,82,102,107,93,97,101
1037,106,68,108,100,66,84,73
1038,134,151,156,152,146,148,152
1039,282,275,306,339,301,334,289
1040,58,83,87,81,50,60,34
1041,255,202,218,195,150,157,145
1042,124,132,147,156,109,120,106
1043,155,165,173,163,148,175,136
1044,90,109,106,91,60,61,67
1045,122,112,124,194,127,130,118
1046,64,58,57,72,45,61,45
1047,40,47,74,53,76,65,92
1048,52,67,56,45,52,46,43
1049,71,85,89,112,113,103,97
1050,33,40,49,48,120,71,52
1051,56,84,54,80,57,73,55
1052,293,319,293,321,286,265,254
1053,69,78,64,73,83,92,70
1054,0,0,35,50,67,92,70
1055,159,148,160,131,102,105,87
1056,110,83,86,103,63,69,66
1057,83,79,106,83,76,80,78
1058,47,58,59,56,50,50,82
1059,56,102,73,93,101,107,92
1060,73,60,74,91,143,147,164
1061,108,123,145,160,113,126,123
1062,83,88,74,71,83,125,79
1063,89,88,78,77,48,48,25
1064,48,48,44,37,57,53,56
1065,45,74,63,91,86,88,96
1066,104,97,131,138,143,187,144
1067,29,15,39,181,118,166,108
1068,64,67,47,53,55,77,75
1069,178,156,168,180,138,147,127
1070,74,57,67,46,70,70,52
1071,30,47,42,45,72,90,130
1072,109,121,93,119,158,281,477
1073,61,61,67,46,65,57,65
1074,149,144,159,125,51,96,91
1075,80,76,61,88,81,66,59
1076,90,115,95,122,112,93,78
1077,68,63,55,67,42,51,43
1078,38,37,32,79,78,75,69
1079,55,56,54,57,71,72,67
1080,76,67,47,40,48,48,46
1081,73,68,73,70,70,77,66
1082,63,68,71,78,88,83,87
1083,63,53,65,90,115,104,91
1084,155,169,145,148,98,107,108
1085,174,180,183,157,96,93,121
1086,59,65,60,76,69,80,79
1087,131,119,162,116,78,66,57
1088,94,102,99,104,99,94,76
1089,65,55,67,53,34,46,37
1090,0,0,0,119,361,348,368
1091,64,60,79,78,84,81,72
1092,151,137,167,155,119,122,144
1093,0,0,0,0,132,139,180
1094,163,169,155,154,117,129,96
1095,165,184,154,149,105,111,109
1096,47,67,61,85,75,98,98
1097,41,59,71,78,43,40,37
1098,149,185,222,192,224,203,206
1099,114,131,106,117,108,100,83
1100,136,151,117,82,23,27,29
1101,177,175,144,142,109,102,103
1102,116,121,145,169,142,151,126
1103,0,19,24,22,44,44,59
1104,295,304,317,396,234,289,243
1105,64,106,101,85,84,77,84
1106,27,20,24,16,67,52,62
1107,92,79,41,43,28,45,39
1108,140,138,125,146,80,132,81
1109,85,104,103,113,137,0,0
1110,103,93,110,131,185,234,196
1111,64,74,55,49,79,71,43
1112,28,54,54,75,84,80,83
1113,235,188,191,173,155,169,164
1114,88,81,82,106,193,196,164
1115,11,23,23,31,52,44,38
1116,14,24,11,47,78,152,287
1117,224,209,242,221,253,250,259
1118,156,201,180,142,91,102,70
1119,63,61,58,49,88,71,55
1120,41,47,40,48,42,42,39
1121,108,108,112,148,135,121,128
1122,100,89,90,151,111,115,81
1123,593,600,603,617,462,577,462
1124,100,125,80,70,25,33,15
1125,361,345,349,414,229,168,205
1126,105,129,97,97,84,100,106
1127,89,121,128,118,69,89,90
1128,115,118,80,99,79,49,74
1129,119,111,105,88,90,84,96
1130,65,94,55,72,124,100,88
1131,78,73,92,96,225,205,218
1132,61,58,55,70,71,82,55
1133,50,45,40,45,52,42,54
1134,82,88,105,68,57,62,58
1135,151,140,139,177,135,78,142
1136,174,170,177,228,183,233,216
1137,64,109,81,87,80,66,63
1138,31,42,43,46,49,49,59
1139,90,62,70,65,71,59,62
1140,49,45,33,40,130,130,163
1141,53,61,70,103,82,88,88
1142,93,109,97,91,66,69,59
1143,176,147,131,109,80,84,83
1144,96,61,95,105,78,88,73
1145,88,95,81,41,39,54,52
1146,161,179,186,197,186,198,215
1147,276,336,292,158,471,432,476
1148,29,42,47,65,71,68,60
1149,36,47,38,56,49,62,59
1150,277,329,333,343,309,386,359
1151,78,100,97,92,124,105,155
1152,226,195,223,267,169,184,192
1153,149,146,170,163,169,171,221
1154,35,37,53,64,53,69,57
1155,55,60,55,38,51,60,55
1156,90,118,97,68,94,65,57
1157,41,38,48,47,81,74,94
1158,70,90,60,57,75,67,52
1159,82,80,79,86,80,82,58
1160,32,35,30,25,42,57,47
1161,136,152,147,159,61,87,51
1162,110,115,100,139,59,80,69
1163,57,43,54,30,78,95,130
1164,40,46,37,35,89,88,42
1165,49,51,70,52,71,54,76
1166,107,79,84,76,89,84,85
1167,189,151,138,106,114,78,66
1168,288,269,238,213,202,201,153
1169,157,135,123,119,159,152,122
1170,49,44,43,43,62,60,47
1171,196,138,123,62,52,64,57
1172,111,91,83,64,41,75,57
1173,105,84,90,120,74,94,84
1174,61,67,73,90,130,140,173
1175,170,174,167,203,179,177,144
1176,144,124,110,97,111,108,76
1177,83,96,104,103,107,119,119
1178,64,73,78,92,180,185,270
1179,62,72,90,89,111,102,76
1180,169,192,164,160,130,134,122
1181,205,193,182,148,161,180,165
1182,99,71,104,82,63,51,45
1183,67,77,67,86,45,70,65
1184,128,165,141,108,97,115,90
1185,0,0,0,5,274,248,259
1186,72,60,78,55,66,71,57
1187,101,113,99,92,51,67,74
1188,62,54,97,111,122,134,147
1189,0,79,83,119,117,93,80
1190,307,271,295,361,341,392,369
1191,58,45,61,61,71,68,63
1192,91,65,87,90,69,69,54
1193,70,74,62,77,84,113,108
1194,112,150,128,154,134,152,123
1195,166,108,116,95,54,68,58
1196,149,135,144,104,117,98,94
1197,102,119,120,100,125,129,116
1198,54,56,65,72,65,65,84
1199,22,37,26,31,138,116,140
1200,74,64,61,55,60,67,67
1201,205,193,95,207,88,155,76
1202,68,72,62,45,39,38,28
1203,279,279,277,257,131,152,117
1204,178,153,133,147,78,113,73
1205,38,56,51,52,124,134,136
1206,39,19,35,68,20,59,52
1207,58,75,74,82,57,55,63
1208,131,125,154,169,91,97,86
1209,83,76,62,58,62,45,54
1210,91,91,83,84,65,80,79
1211,281,343,269,255,199,223,181
1212,97,103,79,75,100,89,96
1213,64,69,82,86,207,205,214
1214,5,7,6,10,119,91,94
1215,103,95,77,57,61,56,36
1216,55,36,44,52,93,71,105
1217,309,386,417,509,289,176,130
1218,33,52,44,59,152,152,156
1219,62,54,65,68,53,39,41
1220,0,2,70,77,187,180,221
1221,154,182,162,149,146,132,123
1222,72,68,80,71,77,102,74
1223,98,66,106,73,104,115,154
1224,168,179,175,160,118,122,101
1225,46,49,53,61,64,71,69
1226,444,462,427,490,543,515,510
1227,104,112,89,119,121,118,102
1228,102,113,133,112,154,118,115
1229,525,97,257,548,585,637,635
1230,54,72,60,54,56,59,50
1231,188,187,198,184,103,164,149
1232,27,52,51,43,65,67,71
1233,109,113,115,67,84,77,44
1234,63,68,46,66,22,36,31
1235,61,74,72,71,74,76,85
1236,98,106,117,127,132,133,134
1237,50,64,49,43,54,73,66
1238,52,65,73,73,97,109,115
1239,70,73,65,71,62,73,61
1240,121,145,197,181,162,187,168
1241,55,123,105,129,53,41,29
1242,77,67,75,71,60,66,57
1243,0,0,12,28,43,51,58
1244,158,124,134,143,145,136,145
1245,78,88,78,72,59,70,85
1246,135,136,101,84,60,84,73
1247,44,48,72,67,77,83,92
1248,77,74,97,82,110,110,118
1249,114,142,167,145,240,229,236
1250,86,113,123,128,216,187,235
1251,63,78,72,67,83,71,80
1252,257,268,263,215,138,125,126
1253,78,81,83,65,69,76,64
1254,60,83,73,58,76,64,49
1255,132,175,137,105,73,46,32
1256,184,232,193,253,250,246,269
1257,0,0,0,0,190,257,207
1258,103,101,155,166,211,243,242
1259,52,80,73,75,102,60,80
1260,58,57,79,80,96,99,110
1261,32,42,56,49,116,130,146
1262,87,76,93,90,85,90,95
1263,237,219,253,313,392,440,282
1264,153,143,141,146,127,122,101
1265,24,23,20,25,25,19,28
1266,95,94,60,55,91,63,55
1267,212,169,185,171,163,177,151
1268,213,215,256,248,333,364,338
1269,0,0,0,0,0,0,0
1270,75,80,81,69,85,73,77
1271,180,182,187,180,161,202,188
1272,52,57,48,60,58,104,96
1273,126,124,121,81,113,121,152
1274,46,57,57,77,63,65,60
1275,185,207,249,274,127,124,67
1276,77,71,78,74,141,109,138
1277,70,74,86,67,48,33,46
1278,132,140,93,55,55,51,45
1279,96,86,89,96,109,77,83
1280,65,77,82,79,73,59,70
1281,85,85,100,61,72,68,59
1282,44,51,56,49,78,68,73
1283,231,298,261,195,236,217,164
1284,91,76,80,85,84,84,90
1285,90,93,81,83,99,123,127
1286,115,136,145,78,81,112,69
1287,88,92,91,112,111,109,120
1288,110,117,110,79,76,91,78
1289,75,104,71,90,47,64,47
1290,108,127,112,118,78,82,67
1291,98,92,75,71,58,73,51
1292,175,170,167,217,178,207,176
1293,82,73,95,107,144,162,145
1294,75,86,81,66,64,63,55
1295,73,59,55,80,53,67,69
1296,0,0,0,0,510,695,640
1297,201,218,239,219,194,53,197
1298,180,173,160,180,141,148,143
1299,121,124,124,118,199,173,179
1300,56,41,56,56,70,81,65
1301,129,128,140,110,90,75,95
1302,758,750,827,1138,562,527,463
1303,117,135,118,145,162,154,174
1304,132,122,117,120,96,75,79
1305,0,0,3,8,56,70,64
1306,320,346,359,458,444,358,288
1307,26,43,46,43,58,68,83
1308,190,233,244,300,298,349,337
1309,200,188,236,251,311,272,310
1310,278,310,329,378,316,269,250
1311,95,103,93,98,64,83,63
1312,108,119,101,103,96,99,98
1313,93,93,85,67,36,40,43
1314,141,148,201,173,165,185,189
1315,128,147,135,155,190,163,170
1316,67,73,98,96,64,53,54
1317,90,95,89,115,85,112,91
1318,254,255,176,75,66,93,66
1319,34,41,59,35,51,40,47
1320,16,19,17,13,61,71,63
1321,34,43,49,79,70,74,49
1322,250,235,243,210,165,167,153
1323,46,35,37,62,66,89,74
1324,76,83,52,84,160,154,172
1325,148,155,154,134,107,125,132
1326,496,429,444,468,417,456,360
1327,107,91,87,93,99,124,144
1328,46,52,55,55,41,51,60
1329,56,70,60,59,96,96,94
1330,34,33,42,46,60,48,51
1331,89,86,63,64,14,31,17
1332,371,404,311,160,127,179,115
1333,45,54,69,69,78,100,82
1334,53,92,81,98,68,53,91
1335,260,235,167,121,91,102,96
1336,48,64,46,53,36,50,55
1337,87,88,84,96,37,38,27
1338,123,129,123,127,114,133,112
1339,234,230,191,169,180,155,173
1340,55,49,52,67,104,133,123
1341,154,126,128,127,111,138,142
1342,155,101,140,179,87,120,110
1343,70,73,85,94,77,0,0
1344,158,173,179,280,215,185,193
1345,82,71,93,91,87,113,69
1346,1257,1303,1210,1256,1197,1296,1121
1347,103,98,94,102,91,81,69
1348,124,154,141,143,97,126,123
1349,84,100,84,96,104,108,86
1350,394,414,494,413,379,386,455
1351,134,102,108,120,85,88,70
1352,63,55,57,64,66,59,51
1353,106,93,131,156,361,401,472
1354,192,204,213,200,223,243,207
1355,281,282,299,253,315,342,354
1356,178,195,184,157,157,159,139
1357,177,178,170,145,144,167,146
1358,221,225,251,294,241,14,143
1359,117,83,83,73,37,34,37
1360,55,52,55,50,45,55,57
1361,73,57,83,93,148,163,179
1362,74,70,85,83,42,48,45
1363,89,97,88,99,90,103,104
1364,78,95,96,102,63,62,60
1365,217,259,251,215,301,312,331
1366,23,30,26,11,143,117,155
1367,158,171,176,281,91,53,54
1368,93,100,114,85,126,91,108
1369,52,65,57,46,80,72,58
1370,64,68,75,147,95,111,113
1371,36,27,32,28,93,134,128
1372,0,97,172,166,1004,1018,1083
1373,474,429,488,586,376,428,341
1374,61,62,60,54,62,59,42
1375,47,32,47,70,60,84,72
1376,130,147,135,129,144,115,123
1377,184,213,193,196,168,154,166
1378,59,41,52,46,96,92,100
1379,161,149,168,162,212,233,248
1380,58,66,62,57,74,86,74
1381,143,132,150,174,131,112,137
1382,72,72,71,60,68,68,56
1383,59,64,86,98,197,163,200
1384,295,222,188,81,40,46,24
1385,70,71,81,74,84,92,106
1386,65,75,63,77,42,90,65
1387,280,237,276,285,102,108,116
1388,96,105,94,113,80,62,62
1389,100,114,113,108,102,76,88
1390,69,80,76,72,35,40,34
1391,0,0,0,68,161,158,155
1392,194,203,226,220,272,303,262
1393,101,113,81,81,76,59,65
1394,206,250,233,253,363,385,405
1395,104,109,87,80,105,114,114
1396,244,273,303,365,349,395,344
1397,269,264,275,276,195,205,174
1398,84,71,75,63,37,40,33
1399,150,146,167,223,144,137,94
1400,0,0,0,0,0,0,142
1401,97,98,119,115,99,96,95
1402,42,42,34,44,75,93,74
1403,174,173,183,171,144,152,132
1404,89,95,95,115,120,139,143
1405,56,50,66,43,81,73,66
1406,46,57,68,79,57,57,52
1407,25,28,30,41,80,64,97
1408,50,49,73,64,63,66,63
1409,200,199,192,188,225,231,259
1410,139,150,128,120,138,128,124
1411,117,117,138,129,148,120,173
1412,238,213,205,176,107,129,123
1413,41,57,73,69,81,74,91
1414,42,47,44,68,36,55,39
1415,50,63,65,65,61,72,50
1416,108,104,88,64,44,51,32
1417,139,149,173,168,178,166,160
1418,79,75,97,118,126,110,98
1419,112,100,117,99,148,148,140
1420,78,79,86,79,227,213,232
1421,153,164,145,148,128,128,125
1422,119,121,125,143,123,117,92
1423,149,114,132,126,56,100,55
1424,157,163,202,248,125,150,147
1425,86,82,74,60,66,67,59
1426,74,87,111,104,509,497,566
1427,221,217,228,184,167,187,165
1428,113,76,102,74,55,71,60
1429,92,104,99,95,122,121,136
1430,45,19,28,24,56,43,58
1431,58,82,85,95,95,88,114
1432,296,300,351,315,328,349,249
1433,54,61,80,83,74,78,79
1434,308,328,343,394,452,464,496
1435,59,79,63,61,43,63,47
1436,334,362,310,340,313,309,280
1437,88,92,90,105,103,105,88
1438,203,198,206,173,148,130,133
1439,73,89,88,65,119,122,145
1440,199,188,175,134,162,138,137
1441,85,69,97,86,111,95,105
1442,36,39,46,59,41,40,46
1443,120,98,89,133,108,95,69
1444,140,130,154,103,67,52,60
1445,190,191,170,193,200,208,208
1446,116,135,158,120,194,229,260
1447,0,0,0,0,70,74,89
1448,48,52,46,55,40,46,34
1449,219,208,189,244,146,108,87
1450,74,102,97,77,59,52,50
1451,85,92,89,118,146,128,121
1452,72,66,50,59,51,57,56
1453,328,291,258,143,113,97,101
1454,101,152,115,156,144,118,116
1455,107,128,135,122,93,70,89
1456,103,90,103,92,85,93,92
1457,68,113,68,109,110,131,134
1458,127,134,152,138,83,78,80
1459,109,104,104,97,74,71,62
1460,97,96,105,118,45,77,43
1461,484,438,459,462,419,514,401
1462,78,99,92,104,112,1,0
1463,120,126,151,115,154,113,111
1464,0,1,0,0,0,0,0
1465,267,350,314,300,51,0,0
1466,91,113,104,128,80,118,102
1467,157,151,155,211,145,174,145
1468,150,167,147,184,127,150,124
1469,267,322,370,484,472,536,502
1470,130,95,124,125,55,68,63
1471,78,102,72,82,58,77,65
1472,349,355,363,301,304,302,297
1473,62,79,78,83,67,67,47
1474,117,148,163,190,139,158,135
1475,85,56,72,48,46,33,39
1476,70,56,65,70,53,56,57
1477,55,66,84,103,204,200,206
1478,0,0,97,157,201,230,207
1479,216,233,157,194,79,74,47
1480,74,78,91,107,88,83,84
1481,62,51,58,50,82,88,89
1482,95,126,100,123,116,117,64
1483,290,280,242,292,266,255,303
1484,210,199,184,215,251,185,201
1485,127,106,107,106,86,101,83
1486,38,57,78,68,65,69,51
1487,42,44,44,33,41,28,35
1488,96,122,109,100,95,109,105
1489,143,171,174,179,153,188,226
1490,133,147,130,120,119,101,85
1491,65,100,95,102,86,80,95
1492,39,38,53,55,69,63,53
1493,42,49,38,19,79,72,78
1494,190,180,178,198,141,189,160
1495,48,40,53,61,69,105,96
1496,150,139,132,131,189,161,160
1497,82,99,87,77,68,82,70
1498,69,98,55,103,64,60,59
1499,92,112,124,119,110,107,106
1500,162,156,217,151,200,188,165
1501,127,144,161,141,176,228,233
1502,86,87,108,152,174,149,182
1503,0,0,113,164,163,206,198
1504,65,72,93,70,124,118,95
1505,48,58,52,52,84,90,90
1506,137,117,122,88,87,95,68
1507,75,78,69,64,93,96,64
1508,53,62,48,80,45,47,43
1509,77,65,52,61,61,62,63
1510,35,46,42,31,41,44,44
1511,132,154,156,160,107,110,91
1512,180,150,154,128,94,85,80
1513,127,110,96,79,70,70,63
1514,51,59,71,56,101,143,158
1515,166,204,222,295,251,204,221
1516,53,40,56,48,65,67,66
1517,108,124,112,74,52,65,54
1518,83,82,97,92,99,85,88
1519,105,78,73,63,113,100,93
1520,87,90,77,54,77,43,49
1521,94,89,107,86,90,102,95
1522,83,83,75,86,110,129,139
1523,4,0,0,41,54,74,65
1524,119,118,147,133,126,104,136
1525,110,97,101,107,99,113,97
1526,5,20,20,20,35,11,16
1527,61,68,78,58,50,63,53
1528,106,137,176,403,432,377,360
1529,0,0,0,63,31,41,37
1530,61,48,71,57,61,66,52
1531,52,58,78,64,85,84,89
1532,50,49,48,61,82,83,96
1533,150,156,148,116,94,126,75
1534,101,96,89,89,73,82,89
1535,766,727,654,736,640,879,617
1536,153,143,143,166,114,91,89
1537,125,136,116,77,62,55,59
1538,179,151,90,140,124,83,106
1539,170,182,177,178,114,140,124
1540,239,291,271,408,165,129,107
1541,69,58,69,69,56,65,65
1542,59,64,58,63,55,37,33
1543,64,56,58,69,62,69,43
1544,186,236,199,257,214,202,157
1545,92,121,118,100,111,103,105
1546,83,66,84,78,76,53,54
1547,228,193,150,109,45,61,35
1548,140,162,182,198,31,47,64
1549,111,103,104,91,117,115,96
1550,60,73,90,107,132,104,128
1551,98,100,90,68,90,93,99
1552,92,89,71,77,60,74,39
1553,102,116,128,120,118,110,106
1554,57,74,68,61,97,86,111
1555,127,146,232,209,147,124,112
1556,109,124,91,89,138,145,150
1557,326,339,382,402,333,320,356
1558,173,166,158,131,82,109,79
1559,105,130,129,96,63,63,40
1560,157,223,233,235,159,246,217
1561,20,12,20,26,243,251,315
1562,60,64,51,60,40,49,49
1563,54,60,47,67,37,55,40
1564,158,156,179,166,133,145,140
1565,53,42,47,44,91,79,95
1566,62,73,67,83,90,102,95
1567,47,57,41,51,48,67,74
1568,226,232,226,230,156,146,144
1569,17,5,20,54,101,100,83
1570,165,171,188,134,138,132,131
1571,34,11,19,65,448,380,369
1572,49,5,59,65,90,85,114
1573,126,116,148,121,197,189,211
1574,85,84,95,88,68,73,51
1575,68,76,55,80,63,81,72
1576,132,138,143,117,99,93,72
1577,40,53,45,50,28,29,24
1578,0,0,0,70,149,125,107
1579,55,32,56,41,23,40,43
1580,287,292,188,183,102,145,139
1581,85,71,81,75,45,70,65
1582,87,81,86,84,88,120,101
1583,125,143,156,126,270,246,269
1584,179,164,158,197,213,229,203
1585,43,46,64,55,97,98,90
1586,80,88,70,51,53,64,47
1587,101,73,77,64,50,59,48
1588,93,92,89,96,88,91,83
1589,49,51,57,64,116,112,127
1590,142,137,113,202,400,217,207
1591,89,79,79,84,120,130,169
1592,68,61,80,70,72,75,52
1593,125,118,139,116,95,83,57
1594,129,148,129,99,76,93,106
1595,103,77,101,106,74,82,64
1596,93,72,95,109,176,166,164
1597,35,49,104,112,219,207,272
1598,48,38,66,40,70,50,55
1599,132,111,92,125,68,86,75
1600,69,70,84,68,68,73,74
1601,58,60,56,50,80,68,77
1602,73,82,82,53,84,77,73
1603,107,115,107,120,152,145,167
1604,72,59,43,68,46,42,47
1605,213,238,254,309,275,279,238
1606,68,40,57,39,59,58,85
1607,55,55,58,48,39,39,36
1608,73,76,94,95,113,100,113
1609,0,0,0,0,0,119,154
1610,174,204,191,192,210,248,223
1611,107,113,94,128,130,158,94
1612,132,159,95,101,112,179,172
1613,21,41,58,50,343,372,364
1614,94,79,83,73,86,124,58
1615,72,63,77,67,271,291,255
1616,390,397,452,466,475,456,441
1617,49,43,45,50,67,75,76
1618,79,97,84,116,77,94,70
1619,163,180,185,190,143,166,167
1620,107,132,179,244,259,243,236
1621,39,60,62,101,177,167,163
1622,94,121,118,109,125,98,121
1623,402,375,361,320,296,305,299
1624,315,308,284,329,362,406,349
1625,169,195,171,194,178,174,173
1626,127,128,132,127,335,339,342
1627,159,149,134,122,155,187,173
1628,90,86,93,67,108,107,116
1629,2117,2195,2026,2715,2013,2121,1874
1630,46,67,62,76,107,97,97
1631,239,253,278,343,299,324,312
1632,69,76,26,69,60,56,64
1633,65,63,54,67,60,68,63
1634,107,111,86,83,103,111,114
1635,95,91,76,77,71,53,65
1636,39,54,75,49,79,88,75
1637,71,58,82,74,128,126,150
1638,145,156,143,215,96,115,89
1639,145,166,187,193,52,44,46
1640,55,85,65,93,24,25,28
1641,57,62,79,54,55,77,61
1642,162,162,177,166,187,219,227
1643,71,42,74,53,31,28,0
1644,146,167,183,140,138,152,149
1645,132,170,199,251,310,286,308
1646,104,89,104,97,73,70,59
1647,222,250,255,262,174,230,190
1648,176,221,193,199,218,238,188
1649,105,88,73,52,48,38,34
1650,71,79,72,98,234,245,259
1651,62,84,66,86,116,103,94
1652,49,74,58,75,71,77,87
1653,133,124,123,125,132,118,111
1654,77,72,75,71,70,71,75
1655,26,26,46,46,81,93,95
1656,63,47,65,43,57,62,47
1657,90,82,91,100,111,108,101
1658,131,118,121,129,261,224,236
1659,149,135,145,140,113,130,118
1660,100,93,89,84,40,69,52
1661,479,479,485,442,397,449,386
1662,70,71,81,98,88,62,64
1663,295,314,323,345,299,298,297
1664,111,140,123,149,68,69,51
1665,0,131,73,127,114,58,115
1666,296,335,331,278,214,196,175
1667,208,245,280,288,356,337,366
1668,144,141,158,134,103,120,101
1669,115,109,92,98,107,97,98
1670,264,234,224,230,160,158,136
1671,60,59,66,75,44,75,56
1672,157,133,157,119,75,74,60
1673,208,216,246,269,268,232,251
1674,85,63,77,62,67,64,56
1675,105,103,104,73,72,74,81
1676,80,110,83,66,109,110,114
1677,136,119,129,129,119,119,97
1678,52,63,66,52,77,75,83
1679,19,26,39,48,118,136,112
1680,82,87,112,101,124,138,169
1681,105,135,79,83,43,64,57
1682,109,98,84,74,96,101,92
1683,92,90,75,67,26,40,25
1684,63,81,71,103,85,93,77
1685,33,53,52,53,66,68,105
1686,17,16,7,25,87,67,89
1687,659,663,617,817,575,544,556
1688,0,0,0,53,55,74,99
1689,68,74,73,86,53,74,96
1690,181,166,175,216,193,217,216
1691,42,54,31,57,29,29,35
1692,279,265,236,195,214,344,194
1693,60,81,56,98,104,101,92
1694,98,80,80,76,21,40,22
1695,107,107,78,99,62,68,78
1696,58,52,67,95,94,111,106
1697,154,188,187,198,44,113,93
1698,0,0,0,0,350,407,405
1699,75,72,91,95,55,58,73
1700,132,110,99,94,92,76,89
1701,82,74,87,99,108,83,97
1702,22,29,31,27,60,39,55
1703,126,105,75,43,26,36,37
1704,160,154,228,213,373,378,390
1705,97,100,83,79,79,59,77
1706,48,59,38,60,210,199,232
1707,0,0,0,316,311,323,372
1708,205,230,250,318,163,148,130
1709,211,243,243,223,618,609,907
1710,156,183,181,182,221,230,222
1711,73,96,88,50,111,94,119
1712,54,63,97,80,52,54,60
1713,37,33,43,39,59,57,72
1714,84,85,117,127,189,180,194
1715,85,91,86,82,49,82,37
1716,0,0,23,18,151,165,146
1717,321,315,303,317,257,302,249
1718,63,55,71,53,69,70,47
1719,0,172,126,146,256,275,294
1720,319,300,84,207,271,275,265
1721,0,0,22,38,27,37,59
1722,208,213,217,227,199,206,173
1723,66,91,67,73,73,57,80
1724,64,51,63,82,86,98,85
1725,0,76,73,102,117,176,143
1726,296,301,327,431,340,262,284
1727,120,119,118,121,205,188,210
1728,25,38,36,13,107,71,84
1729,88,101,109,116,53,89,87
1730,98,86,92,90,43,84,49
1731,45,49,43,52,56,54,55
1732,135,145,151,132,129,150,131
1733,12,14,18,20,96,83,104
1734,57,67,70,77,77,84,76
1735,83,81,76,99,66,69,69
1736,73,56,63,47,35,55,35
1737,0,0,8,3,69,85,90
1738,90,90,102,108,94,103,88
1739,58,53,58,55,44,84,56
1740,18,16,30,44,122,107,132
1741,107,99,94,91,81,75,71
1742,37,40,22,44,76,85,89
1743,230,246,247,299,311,285,317
1744,112,114,128,136,104,106,115
1745,440,421,409,405,453,479,402
1746,36,66,66,92,85,93,98
1747,90,67,96,50,33,21,16
1748,131,131,115,78,69,83,73
1749,21,32,29,48,43,48,57
1750,4,23,108,105,83,107,123
1751,218,197,247,307,300,277,248
1752,330,291,257,291,260,274,242
1753,171,177,156,172,291,230,260
1754,46,46,59,64,39,71,45
1755,76,80,58,72,85,84,84
1756,106,116,120,156,168,152,138
1757,107,237,215,211,83,88,81
1758,63,52,70,57,45,54,39
1759,150,161,191,159,367,330,404
1760,107,119,149,132,115,107,98
1761,106,86,97,55,32,44,39
1762,106,96,99,104,153,132,173
1763,117,120,83,141,81,130,143
1764,28,21,16,28,76,82,103
1765,121,146,94,114,80,112,134
1766,91,101,95,96,102,88,114
1767,140,171,148,142,160,159,114
1768,118,115,123,131,247,287,248
1769,53,39,26,53,53,56,43
1770,232,218,225,297,223,190,182
1771,115,104,124,136,155,184,210
1772,99,76,110,86,44,42,25
1773,41,100,48,79,67,83,66
1774,0,0,0,0,91,68,85
1775,215,225,209,214,212,248,210
1776,125,143,131,111,98,101,127
1777,98,96,67,80,76,108,97
1778,166,174,134,195,175,197,184
1779,80,111,117,121,214,209,236
1780,98,103,89,103,104,78,55
1781,24,39,27,37,75,49,67
1782,105,84,119,100,63,107,88
1783,395,372,380,442,410,412,313
1784,241,220,196,224,224,223,194
1785,112,126,104,83,97,83,72
1786,71,94,108,99,124,182,187
1787,47,73,62,97,105,120,124
1788,21,22,26,50,51,55,55
1789,82,90,112,100,114,112,120
1790,255,284,187,203,244,298,317
1791,92,81,90,92,109,103,98
1792,116,98,115,83,167,119,103
1793,72,80,83,97,106,92,80
1794,116,100,112,141,117,115,113
1795,72,117,100,97,62,75,81
1796,254,273,269,264,153,182,151
1797,1,22,29,34,62,98,98
1798,29,49,43,51,50,46,59
1799,59,50,41,83,87,70,62
1800,131,155,155,148,145,171,88
1801,269,245,258,183,51,92,80
1802,63,72,51,33,45,39,37
1803,40,50,75,44,91,106,68
1804,285,353,276,216,101,116,104
1805,43,53,50,71,63,77,43
1806,50,39,52,38,76,52,75
1807,165,138,132,103,106,84,111
1808,63,45,37,29,35,36,41
1809,119,115,123,91,106,113,97
1810,31,33,36,83,86,141,90
1811,95,86,79,86,114,96,96
1812,139,164,132,130,80,59,63
1813,38,54,50,53,144,135,141
1814,46,50,48,61,103,118,132
1815,59,78,54,62,45,64,90
1816,69,75,84,83,58,52,42
1817,99,77,110,121,147,162,147
1818,36,37,49,188,178,220,200
1819,63,65,46,62,48,43,44
1820,151,146,161,94,115,104,102
1821,1036,1001,1059,1160,885,904,842
1822,34,54,66,79,80,74,81
1823,137,120,114,99,82,88,71
1824,51,48,39,46,50,47,20
1825,107,121,131,106,150,150,155
1826,256,225,243,280,192,177,159
1827,117,85,83,77,86,62,57
1828,149,148,188,203,172,173,155
1829,195,176,165,181,139,150,139
1830,49,47,49,47,39,25,32
1831,48,70,101,129,626,608,653
1832,117,99,115,78,99,102,90
1833,61,47,62,57,66,79,42
1834,61,76,82,56,64,70,56
1835,77,84,85,67,21,36,35
1836,142,141,150,135,125,136,141
1837,70,70,70,77,87,77,87
1838,172,187,154,130,162,105,104
1839,221,192,189,196,136,147,118
1840,65,68,89,75,20,26,37
1841,67,88,79,68,40,46,42
1842,159,192,176,164,189,213,200
1843,80,89,75,70,606,647,760
1844,148,121,115,79,94,94,97
1845,53,42,56,50,56,61,37
1846,85,101,126,110,37,47,43
1847,45,45,54,62,53,57,58
1848,61,57,75,71,77,79,61
1849,60,62,63,57,79,70,70
1850,326,360,336,425,326,316,265
1851,109,90,101,111,88,131,134
1852,86,87,68,67,91,88,83
1853,99,158,111,117,127,193,158
1854,105,115,111,149,125,130,130
1855,60,59,73,92,220,170,209
1856,0,4,1,0,55,57,61
1857,43,54,56,52,70,90,100
1858,0,0,44,49,114,112,115
1859,205,215,209,251,280,277,257
1860,168,178,188,197,112,118,85
1861,357,371,335,234,220,191,194
1862,91,82,102,110,41,46,41
1863,66,56,87,86,109,123,121
1864,79,92,95,68,124,123,130
1865,86,85,100,81,51,63,61
1866,0,0,0,27,119,63,86
1867,23,22,39,70,251,226,230
1868,137,121,98,103,51,40,54
1869,100,103,105,73,72,72,51
1870,71,68,44,93,81,111,113
1871,80,86,53,48,38,24,32
1872,361,370,346,248,256,334,282
1873,0,0,1,64,98,93,117
1874,227,246,206,196,189,185,102
1875,50,44,42,53,606,592,768
1876,204,226,219,250,210,215,207
1877,150,165,176,175,109,106,139
1878,62,70,64,103,67,132,92
1879,54,91,74,88,82,97,82
1880,129,156,176,214,150,144,130
1881,133,127,145,148,434,404,420
1882,271,213,244,218,175,173,170
1883,99,99,91,102,41,49,50
1884,163,146,127,93,97,108,101
1885,39,45,62,54,58,74,62
1886,55,56,57,56,103,100,104
1887,175,185,211,202,77,64,84
1888,120,110,86,101,69,95,72
1889,19,19,15,13,58,57,62
1890,123,157,161,172,304,299,394
1891,60,51,53,51,44,41,54
1892,127,166,115,111,94,111,83
1893,47,60,70,66,46,67,51
1894,13,16,17,19,160,171,211
1895,135,163,139,166,159,175,181
1896,54,66,68,58,52,89,72
1897,40,33,42,62,69,71,67
1898,172,150,158,181,219,267,293
1899,16,15,27,25,10,21,27
1900,63,55,56,71,58,61,60
1901,524,465,556,596,413,451,384
1902,112,143,105,94,107,122,112
1903,261,286,289,274,196,232,270
1904,4,0,3,33,136,128,139
1905,152,176,190,162,195,185,190
1906,428,385,388,501,415,397,315
1907,30,38,63,50,111,115,149
1908,55,66,88,67,43,72,45
1909,56,53,53,70,74,59,93
1910,38,43,35,44,57,59,49
1911,180,151,133,144,118,123,77
1912,160,174,191,181,169,159,136
1913,19,32,30,41,41,35,40
1914,133,132,129,95,135,146,158
1915,17,26,40,47,71,74,93
1916,115,120,90,90,82,116,109
1917,153,166,150,116,118,115,79
1918,0,1,1,1,5,6,1
1919,134,126,165,186,153,128,132
1920,45,38,46,33,53,69,65
1921,175,183,156,174,141,136,109
1922,364,359,352,423,303,309,259
1923,162,156,135,188,128,116,93
1924,154,200,215,214,144,118,80
1925,0,0,0,0,0,0,0
1926,24,25,22,37,72,65,84
1927,55,63,68,103,228,269,407
1928,1067,981,1009,1160,706,677,617
1929,16,22,38,32,90,63,63
1930,80,85,102,112,82,101,114
1931,245,273,333,366,362,335,358
1932,206,229,216,253,243,291,221
1933,71,77,72,107,74,86,67
1934,195,167,105,96,69,76,86
1935,131,166,157,186,298,298,283
1936,101,125,127,160,105,127,132
1937,107,125,134,171,165,217,176
1938,169,136,159,125,83,80,65
1939,151,211,183,268,203,167,168
1940,100,96,98,143,122,126,97
1941,90,114,106,107,161,184,158
1942,156,138,151,118,78,78,77
1943,0,0,0,0,0,0,0
1944,364,469,461,549,504,532,560
1945,191,237,186,238,338,343,361
1946,107,104,143,113,93,94,94
1947,23,27,46,43,53,55,69
1948,136,165,198,227,243,242,224
1949,36,32,57,48,60,73,60
1950,265,247,248,330,272,340,280
1951,139,156,146,114,122,135,100
1952,108,119,81,85,34,58,55
1953,52,57,64,85,61,63,58
1954,406,382,410,518,420,412,345
1955,183,184,187,202,142,126,152
1956,137,125,128,101,122,123,121
1957,165,183,117,149,75,63,73
1958,110,82,135,124,217,224,211
1959,81,92,140,309,359,329,386
1960,182,198,163,184,173,204,175
1961,56,65,66,82,84,100,80
1962,133,149,116,144,134,140,151
1963,75,80,79,63,101,107,145
1964,65,49,54,53,73,91,100
1965,94,107,78,111,101,108,114
1966,76,98,110,110,281,218,247
1967,213,261,185,178,162,185,187
1968,32,20,27,11,5,9,6
1969,62,9,0,0,92,74,86
1970,191,216,211,276,247,258,238
1971,103,170,146,145,165,234,228
1972,74,90,88,90,67,62,65
1973,30,36,36,56,83,65,59
1974,71,71,75,93,130,162,184
1975,287,254,230,258,214,215,184
1976,94,112,91,114,88,66,86
1977,105,101,93,136,98,113,117
1978,145,150,155,122,123,152,158
1979,74,67,60,58,60,57,55
1980,83,71,64,56,58,55,39
1981,28,42,32,39,83,66,84
1982,67,78,65,68,62,48,55
1983,0,0,0,45,58,84,87
1984,40,38,44,58,40,45,62
1985,506,601,596,633,367,372,363
1986,80,88,84,73,85,83,91
1987,46,66,57,66,51,58,42
1988,226,223,238,234,197,194,173
1989,228,238,287,160,55,60,39
1990,90,80,93,95,103,72,101
1991,103,112,87,143,122,130,136
1992,69,96,71,70,70,52,65
1993,51,48,51,65,62,35,0
1994,146,163,125,135,131,137,128
1995,67,74,60,76,54,52,64
1996,58,53,70,68,68,68,77
1997,61,60,83,74,220,285,299
1998,0,0,0,66,349,390,455
1999,339,307,364,397,331,305,338
2000,29,35,76,68,158,176,161