shop_id,view_0,view_1,view_2,view_3,view_4,view_5,view_6
1,35,33,43,35,36,35,31
2,31,27,27,23,27,39,32
3,10,7,13,15,7,13,2
4,23,33,28,34,34,21,33
5,2,1,1,7,13,13,17
6,5,14,4,9,6,16,9
7,26,26,28,25,19,23,15
8,16,3,13,9,11,10,9
9,14,4,17,16,9,13,6
10,1,1,0,1,1,1,2
11,2,4,1,2,1,10,13
12,20,24,25,28,15,14,8
13,6,10,11,12,10,8,8
14,12,14,21,18,13,12,17
15,2,3,2,1,2,0,0
16,29,18,42,39,19,22,13
17,28,19,23,36,41,37,22
18,13,8,9,12,16,12,16
19,4,7,4,10,4,10,2
20,7,12,15,10,15,12,19
21,6,6,3,13,4,1,3
22,38,30,21,62,30,38,32
23,1,1,1,0,1,0,0
24,76,63,68,58,51,54,19
25,20,28,16,24,30,26,36
26,17,25,8,17,13,16,15
27,5,11,15,8,13,10,10
28,33,32,40,47,45,42,28
29,7,16,5,8,7,12,8
30,41,45,33,62,51,46,50
31,11,2,7,3,9,18,3
32,3,0,1,1,2,3,4
33,15,17,21,27,9,10,7
34,44,28,40,44,29,28,25
35,4,7,10,8,8,10,2
36,8,5,5,2,3,7,5
37,13,9,7,18,21,21,19
38,0,4,1,4,4,4,4
39,26,20,37,23,30,43,19
40,0,0,0,2,0,6,0
41,23,25,16,23,32,32,35
42,5,3,7,5,5,8,6
43,0,0,0,0,0,0,0
44,178,202,209,187,152,224,172
45,9,4,3,4,2,4,5
46,4,3,1,8,5,3,4
47,0,0,0,0,0,0,0
48,6,6,4,2,8,3,6
49,35,32,50,31,40,52,33
50,7,10,8,16,6,15,13
51,4,3,5,9,11,6,16
52,15,14,16,21,13,29,10
53,0,0,0,1,0,0,0
54,13,4,13,15,9,19,17
55,12,27,11,32,25,24,35
56,17,27,22,14,11,10,13
57,24,28,33,27,19,33,27
58,41,47,47,50,72,56,41
59,1,3,8,0,2,0,2
60,16,15,10,28,23,21,16
61,3,8,1,2,7,11,7
62,40,32,45,39,47,40,29
63,7,0,1,3,4,1,2
64,14,9,9,14,21,25,15
65,19,12,20,20,12,23,23
66,0,1,0,0,0,0,0
67,9,9,13,9,8,12,9
68,9,1,3,6,3,4,1
69,9,7,10,7,13,18,8
70,9,10,10,3,8,14,4
71,6,10,13,12,13,11,12
72,9,12,6,6,13,9,9
73,2,5,0,5,3,6,1
74,6,1,1,5,3,7,8
75,10,6,13,12,18,11,11
76,8,8,5,8,7,9,3
77,10,14,12,14,10,22,15
78,3,3,2,4,5,7,10
79,6,2,6,4,6,13,11
80,2,3,2,2,3,2,2
81,4,4,4,4,5,6,10
82,5,7,13,14,9,12,11
83,27,22,25,31,18,18,21
84,13,22,25,26,17,17,9
85,11,15,20,19,25,22,14
86,10,5,12,15,7,13,7
87,6,6,5,5,9,6,6
88,72,76,85,110,97,80,70
89,16,21,19,6,9,7,49
90,20,21,22,24,17,17,25
91,3,0,0,6,6,7,4
92,28,25,27,26,34,24,26
93,7,7,8,3,6,5,3
94,5,5,5,9,12,12,6
95,20,29,17,21,27,21,13
96,12,29,10,15,13,21,12
97,5,7,3,4,7,11,3
98,11,7,8,10,11,7,4
99,1,1,2,4,3,6,3
100,15,34,22,26,36,18,29
101,23,21,28,32,43,31,32
102,0,2,2,2,3,2,2
103,5,0,2,1,5,5,1
104,8,15,13,16,22,15,13
105,26,23,22,18,18,22,17
106,1,3,5,1,1,1,1
107,5,12,9,8,12,4,1
108,4,7,5,2,12,17,2
109,0,0,1,0,0,1,0
110,0,1,1,0,0,0,1
111,10,6,7,7,12,8,7
112,9,6,8,8,4,5,4
113,1,0,1,0,0,0,0
114,29,28,20,32,34,36,48
115,9,19,27,20,19,22,30
116,0,0,1,1,3,3,2
117,138,133,137,114,90,70,53
118,2,3,0,0,6,3,1
119,20,20,33,37,24,21,18
120,1,3,4,2,5,2,1
121,13,15,27,26,28,38,46
122,0,3,7,15,7,2,4
123,7,8,7,9,14,16,23
124,9,12,12,9,6,9,12
125,17,9,15,34,10,6,10
126,3,4,11,4,2,3,2
127,20,17,17,18,21,9,15
128,90,78,98,80,108,86,94
129,17,9,14,18,19,18,17
130,11,10,12,14,10,17,17
131,3,15,7,9,9,6,10
132,21,22,22,23,30,16,27
133,5,12,7,9,7,8,13
134,6,6,7,18,25,19,17
135,11,9,10,6,13,20,13
136,18,14,19,27,25,35,46
137,9,4,4,6,13,8,6
138,62,63,66,80,71,68,52
139,11,14,15,14,21,16,18
140,1,0,0,0,1,0,0
141,5,0,3,2,7,0,0
142,1,0,0,1,0,0,0
143,8,6,10,21,13,22,16
144,5,8,4,4,1,5,5
145,14,19,20,16,23,12,17
146,15,27,16,19,22,21,24
147,7,7,3,3,1,0,5
148,3,0,0,0,0,2,2
149,46,50,47,40,51,41,62
150,11,17,10,12,6,13,11
151,2,5,7,10,9,10,7
152,5,9,8,8,16,15,15
153,13,24,12,25,17,16,16
154,4,0,1,2,1,1,3
155,40,75,63,49,60,49,49
156,5,14,12,6,6,12,4
157,16,13,19,20,15,11,15
158,13,5,8,6,15,2,3
159,30,36,38,32,16,18,20
160,2,0,0,1,1,2,0
161,4,11,7,13,13,14,8
162,1,3,4,0,3,4,5
163,1,1,4,5,3,2,4
164,6,4,6,5,6,4,2
165,10,10,20,11,15,12,5
166,16,19,12,16,9,8,10
167,6,8,5,15,13,17,22
168,0,3,1,2,4,1,0
169,62,69,64,85,55,68,55
170,16,22,13,15,13,8,12
171,9,12,13,10,12,13,20
172,19,18,22,12,14,18,7
173,6,7,2,4,2,2,5
174,6,4,2,6,5,4,3
175,4,4,5,6,3,9,4
176,13,9,14,9,10,10,4
177,14,27,9,24,19,12,13
178,0,0,0,1,0,0,2
179,19,17,14,16,21,26,17
180,7,2,2,8,6,4,5
181,65,43,47,50,64,54,43
182,24,29,35,20,18,21,24
183,11,14,5,9,18,18,16
184,19,22,24,26,19,15,24
185,3,4,7,11,7,17,18
186,32,21,19,32,31,21,14
187,40,39,24,30,40,33,44
188,6,5,14,18,8,13,10
189,14,24,15,19,20,31,20
190,13,25,14,23,13,3,8
191,13,12,10,10,7,15,14
192,32,28,26,30,30,9,22
193,23,24,23,27,19,18,11
194,0,0,1,0,2,2,6
195,325,297,253,298,219,179,178
196,27,26,11,15,14,18,12
197,10,15,14,8,2,11,5
198,1,5,0,3,10,5,2
199,2,3,5,3,1,6,1
200,35,43,33,26,33,25,19
201,2,4,6,1,3,3,4
202,1,1,2,1,2,6,2
203,9,13,3,11,9,8,10
204,29,32,36,66,46,51,50
205,7,12,6,13,6,8,9
206,24,11,16,33,48,42,36
207,18,25,24,27,11,17,15
208,0,1,2,2,5,1,0
209,9,14,10,15,10,10,10
210,62,71,74,62,81,51,34
211,25,30,35,30,40,31,24
212,26,72,56,48,44,53,40
213,4,8,2,5,7,7,3
214,48,33,34,40,23,22,21
215,3,10,10,12,6,6,13
216,7,6,1,10,9,7,7
217,67,98,102,82,111,129,129
218,0,1,0,5,0,1,1
219,4,3,2,8,7,8,3
220,14,13,27,23,37,59,43
221,12,12,12,13,18,19,14
222,8,4,8,8,9,12,8
223,34,28,16,35,28,26,42
224,3,2,4,3,1,0,4
225,3,7,3,5,2,3,7
226,5,14,16,19,16,14,11
227,12,23,18,20,21,18,17
228,3,1,1,2,0,1,2
229,32,36,43,37,45,39,40
230,0,0,0,2,2,1,1
231,8,9,4,6,9,6,5
232,1,2,3,2,2,3,3
233,36,27,21,21,13,15,18
234,15,20,20,18,28,28,23
235,25,33,21,37,30,29,27
236,40,35,48,48,24,37,44
237,5,8,9,7,9,14,10
238,14,20,12,19,12,23,32
239,149,106,125,124,106,137,70
240,20,27,22,14,33,44,43
241,2,3,3,11,9,4,3
242,8,8,9,7,8,11,6
243,42,50,45,47,49,50,42
244,5,10,10,19,18,28,18
245,6,5,4,8,6,14,9
246,2,1,1,2,3,1,2
247,0,0,0,0,0,0,0
248,1,6,7,4,2,9,0
249,2,9,6,4,7,18,10
250,26,29,27,22,32,17,22
251,3,3,0,0,4,1,6
252,35,43,41,48,85,64,52
253,68,59,91,85,57,65,58
254,1,3,3,5,1,6,3
255,9,4,6,6,7,4,8
256,67,54,78,68,52,56,59
257,1,0,0,4,1,0,0
258,38,36,49,77,58,39,28
259,4,7,4,10,6,13,10
260,13,16,19,23,20,18,15
261,30,20,23,38,24,24,29
262,17,12,9,6,16,22,31
263,3,7,4,1,2,4,3
264,6,10,7,6,9,7,6
265,67,43,65,61,47,62,60
266,10,11,16,12,6,3,8
267,7,12,8,13,15,5,11
268,0,0,0,1,2,2,4
269,5,3,10,13,5,7,4
270,22,29,12,11,18,13,8
271,0,5,11,2,5,8,1
272,14,5,8,16,10,19,26
273,14,18,21,24,16,16,8
274,19,28,41,32,29,26,29
275,11,18,16,16,16,14,18
276,2,9,4,6,5,7,6
277,33,31,45,51,40,43,28
278,38,61,53,71,88,93,81
279,35,37,35,43,45,54,46
280,3,10,11,10,8,11,3
281,27,32,26,24,30,27,15
282,0,0,0,0,4,1,0
283,219,220,171,213,148,158,154
284,2,3,2,2,0,1,2
285,28,36,54,37,23,26,12
286,1,0,2,1,6,7,9
287,37,40,40,60,47,32,38
288,5,9,6,9,2,12,5
289,4,6,10,6,6,8,4
290,2,0,0,0,1,0,1
291,4,5,1,5,6,6,4
292,4,3,3,1,0,5,2
293,6,13,10,17,12,13,5
294,6,12,5,7,5,7,8
295,7,3,5,6,7,11,9
296,41,42,36,43,32,39,33
297,28,23,17,28,20,25,24
298,30,44,27,55,36,35,45
299,90,57,64,56,48,53,65
300,16,20,16,19,15,9,4
301,1,4,1,1,1,1,2
302,0,1,2,11,5,2,0
303,9,12,22,14,8,11,12
304,46,44,36,46,47,42,36
305,23,28,44,38,60,56,36
306,2,0,0,3,7,6,6
307,37,29,27,17,12,10,12
308,1,6,7,2,14,10,7
309,6,4,12,9,16,15,10
310,17,20,16,24,24,30,16
311,4,2,7,9,12,5,19
312,16,19,25,29,10,49,32
313,3,4,3,8,7,9,6
314,4,18,3,4,3,8,3
315,12,13,18,25,24,27,24
316,2,4,2,2,5,17,12
317,2,2,5,8,3,4,1
318,13,20,16,27,30,17,22
319,10,11,15,20,10,3,8
320,67,60,84,82,65,77,56
321,12,21,16,7,13,6,17
322,3,2,8,10,10,7,4
323,9,26,10,19,24,19,21
324,5,5,3,7,6,8,12
325,14,12,24,42,44,48,39
326,276,275,230,286,274,285,293
327,3,7,6,4,3,2,4
328,25,20,28,21,17,17,14
329,2,0,1,2,3,1,0
330,78,117,81,76,51,42,49
331,0,1,0,1,2,2,3
332,32,28,40,32,31,20,13
333,6,10,6,9,8,7,12
334,4,3,3,5,3,6,6
335,8,2,13,9,19,54,62
336,234,184,180,233,278,268,266
337,13,17,13,16,29,17,15
338,23,31,17,20,17,30,27
339,102,116,146,131,14,22,22
340,6,7,3,4,7,4,4
341,44,53,37,33,18,28,17
342,5,3,5,9,5,8,4
343,30,36,39,36,41,52,23
344,33,53,51,66,74,83,63
345,34,25,19,15,34,23,26
346,2,3,1,7,5,3,4
347,70,46,66,57,62,40,41
348,22,18,25,20,25,25,21
349,1,1,1,1,0,0,3
350,1,0,1,1,0,0,0
351,5,2,2,6,1,9,8
352,1,1,0,2,4,4,5
353,1,2,1,3,4,2,2
354,3,0,2,1,2,1,1
355,15,15,16,11,9,12,13
356,22,20,25,38,37,33,44
357,0,1,1,0,0,2,1
358,13,5,8,9,12,9,7
359,15,21,17,14,25,4,18
360,30,18,35,76,23,25,19
361,3,6,3,4,6,11,6
362,13,22,7,10,10,16,8
363,4,5,2,6,5,3,7
364,200,182,189,177,187,202,168
365,17,16,25,44,22,23,38
366,1,0,0,0,2,3,1
367,0,0,0,0,0,0,0
368,1,0,1,0,3,2,2
369,53,61,51,41,49,34,44
370,9,15,6,5,19,5,6
371,2,5,5,5,4,2,1
372,3,1,2,0,1,2,3
373,22,14,16,31,11,20,20
374,4,2,2,1,1,2,2
375,120,124,167,162,139,94,83
376,18,23,25,15,28,21,10
377,3,2,3,3,6,8,3
378,14,21,33,27,30,10,28
379,23,23,40,26,18,9,14
380,59,51,40,62,49,51,41
381,7,3,4,10,9,6,3
382,11,7,10,6,7,9,13
383,2,7,5,16,23,7,10
384,10,5,3,6,9,10,1
385,43,32,37,35,24,20,30
386,23,10,22,18,19,17,17
387,13,7,6,12,7,13,6
388,13,4,9,15,17,13,10
389,5,6,13,8,15,6,11
390,4,5,3,2,6,3,10
391,16,10,27,19,24,17,19
392,0,0,0,0,0,0,0
393,4,8,4,11,8,7,6
394,16,12,9,19,22,20,15
395,12,14,9,13,27,27,40
396,4,6,5,7,10,8,6
397,17,17,16,32,20,15,27
398,8,4,7,14,10,14,11
399,78,73,53,55,61,58,24
400,4,4,5,3,5,3,5
401,1,2,4,7,10,15,4
402,4,7,7,14,10,10,4
403,245,244,249,260,271,261,281
404,51,40,54,81,38,35,37
405,1,2,0,0,1,1,1
406,5,0,8,12,7,6,7
407,7,15,8,12,15,13,15
408,54,56,45,80,75,74,63
409,3,1,4,1,4,1,6
410,4,9,6,5,9,5,5
411,3,1,2,1,2,1,2
412,2,4,2,7,2,4,9
413,8,5,7,10,6,11,8
414,29,20,34,30,30,22,24
415,0,0,0,0,1,2,2
416,33,47,48,51,57,53,46
417,10,13,14,15,12,5,9
418,73,83,80,85,71,52,35
419,11,12,14,14,10,16,7
420,1,1,4,4,4,3,1
421,75,56,87,78,90,66,64
422,18,17,10,26,18,23,20
423,12,16,12,7,11,6,10
424,5,13,3,1,6,3,3
425,95,98,117,141,100,105,105
426,27,21,14,30,28,12,34
427,7,8,9,5,6,10,14
428,5,9,1,11,3,8,6
429,18,22,22,34,19,20,17
430,3,8,1,11,5,10,5
431,66,75,59,65,54,52,40
432,20,14,16,11,17,18,15
433,1,1,0,0,0,1,3
434,19,26,19,14,26,16,11
435,19,23,24,30,19,17,14
436,45,37,30,75,91,73,66
437,6,13,8,13,16,20,11
438,4,5,3,6,4,8,4
439,13,13,10,17,15,11,9
440,1,1,0,0,0,1,1
441,15,13,23,11,12,11,14
442,15,18,14,12,23,15,20
443,4,6,7,4,8,6,12
444,1,1,6,0,7,9,1
445,19,30,27,29,32,27,25
446,25,28,29,21,30,26,13
447,20,6,18,8,27,62,122
448,0,1,0,0,1,0,2
449,5,11,12,18,11,4,11
450,3,4,0,1,0,1,2
451,133,140,131,138,131,110,111
452,2,0,2,4,0,1,0
453,7,7,2,16,8,11,12
454,6,3,2,3,6,2,4
455,11,16,28,28,11,14,15
456,48,47,39,53,44,60,35
457,1,2,4,1,1,4,2
458,23,25,23,28,27,27,15
459,59,37,53,54,22,36,40
460,9,5,11,5,11,11,14
461,5,8,7,12,12,11,11
462,19,27,12,22,18,12,12
463,1,3,4,1,1,5,2
464,16,13,7,21,12,15,5
465,9,10,14,18,9,8,16
466,27,38,33,22,29,36,18
467,24,23,36,24,45,33,29
468,21,26,23,34,40,29,12
469,3,0,2,2,2,2,1
470,5,6,2,3,4,4,6
471,4,1,5,5,4,6,4
472,27,34,40,57,50,52,31
473,2,0,1,0,1,3,3
474,4,1,3,1,9,4,3
475,62,69,46,38,13,13,68
476,0,3,4,1,9,11,4
477,10,11,17,11,15,10,6
478,4,3,9,9,3,4,6
479,1,2,3,5,1,0,1
480,24,28,18,21,17,19,9
481,12,6,2,12,2,5,3
482,19,22,26,40,27,14,30
483,4,1,4,3,4,3,2
484,10,13,8,14,16,23,20
485,5,5,4,5,5,3,6
486,0,1,0,1,2,0,0
487,3,1,4,3,5,5,2
488,3,0,2,0,2,0,0
489,1,1,0,0,0,1,0
490,14,13,6,14,24,13,11
491,2,2,2,5,5,5,3
492,1,5,2,7,3,2,3
493,2,3,0,8,4,5,2
494,25,36,34,45,35,36,20
495,13,8,7,10,11,14,10
496,48,52,38,33,24,29,41
497,65,52,56,80,48,45,40
498,3,1,6,3,4,7,2
499,29,36,28,23,25,28,18
500,98,90,120,123,79,86,88
501,5,15,6,10,8,17,23
502,28,25,15,25,31,21,11
503,10,4,6,12,11,13,9
504,3,0,2,5,9,2,2
505,5,6,9,5,9,5,8
506,21,25,25,19,14,14,13
507,5,2,3,5,7,6,6
508,0,0,0,0,0,0,0
509,42,52,46,69,55,48,47
510,2,1,0,11,1,0,1
511,82,99,108,93,111,103,42
512,4,6,6,11,11,12,13
513,7,13,8,15,6,19,14
514,5,4,1,5,3,6,2
515,3,3,0,6,3,0,1
516,4,4,5,4,7,8,1
517,47,33,48,63,38,47,49
518,14,12,9,15,9,18,7
519,21,25,25,20,26,27,23
520,17,41,31,53,57,66,84
521,19,15,23,16,22,11,12
522,194,181,168,163,187,204,161
523,5,12,9,10,1,2,2
524,1,2,3,4,2,3,6
525,2,8,2,11,9,4,5
526,19,19,20,18,19,31,18
527,3,0,1,3,10,9,9
528,23,20,18,17,23,27,17
529,8,9,9,16,5,21,15
530,4,8,1,7,8,12,13
531,38,29,23,36,22,25,14
532,4,3,4,8,2,9,8
533,1,2,1,0,4,4,0
534,98,78,60,22,6,8,6
535,12,14,20,9,18,12,13
536,0,0,1,1,2,0,2
537,48,69,61,70,83,78,66
538,2,3,2,3,5,1,2
539,17,20,19,29,13,12,19
540,8,1,1,3,6,2,1
541,4,3,9,8,4,7,4
542,8,8,7,4,15,7,10
543,2,4,6,4,7,12,4
544,19,13,14,16,14,7,17
545,10,7,8,7,10,8,3
546,20,26,26,23,30,19,29
547,2,8,0,6,7,7,3
548,2,14,11,21,22,23,15
549,16,19,37,20,25,28,16
550,11,15,23,32,25,40,13
551,14,13,23,22,23,19,13
552,8,17,8,19,13,10,11
553,4,6,2,12,13,3,8
554,113,125,99,115,136,110,101
555,8,11,22,17,16,29,10
556,5,4,9,6,5,4,11
557,22,24,26,13,23,26,34
558,6,9,3,7,11,11,7
559,5,4,5,4,16,8,14
560,58,48,60,77,58,53,55
561,0,0,0,0,0,0,0
562,2,2,4,3,6,7,7
563,20,28,24,23,23,23,9
564,94,90,74,100,50,67,37
565,21,21,18,43,29,31,35
566,14,21,26,27,20,26,35
567,0,0,1,0,1,0,0
568,26,36,37,40,40,34,26
569,2,2,1,4,5,9,7
570,48,45,60,58,31,42,43
571,0,7,1,8,4,5,4
572,29,34,29,40,34,39,34
573,6,8,5,14,13,3,12
574,13,6,11,7,14,8,3
575,3,7,12,6,16,13,14
576,9,7,26,12,5,24,12
577,75,54,48,40,42,39,37
578,0,2,2,1,0,1,0
579,18,6,9,15,5,7,6
580,48,56,71,73,62,60,51
581,0,0,1,0,1,0,0
582,10,12,8,11,5,7,5
583,8,5,7,16,9,5,13
584,41,50,44,52,36,46,37
585,3,2,3,3,3,11,6
586,4,1,2,6,6,7,7
587,8,13,9,17,6,9,18
588,25,20,24,15,18,19,20
589,21,17,14,23,14,7,9
590,0,0,1,0,1,1,1
591,22,13,19,25,18,16,15
592,24,36,30,36,32,29,33
593,11,16,26,15,7,17,11
594,12,16,17,16,17,19,10
595,2,3,2,3,5,17,9
596,18,9,12,28,16,9,7
597,6,8,10,8,9,5,16
598,1,2,3,0,0,3,1
599,3,5,2,3,3,7,4
600,9,8,15,13,14,8,10
601,2,0,2,4,1,2,5
602,0,1,2,0,0,0,0
603,0,2,0,0,0,0,3
604,3,2,2,3,5,7,2
605,17,26,16,24,26,22,11
606,30,35,46,34,41,42,39
607,9,18,6,6,3,10,6
608,3,3,2,2,1,2,1
609,0,1,1,1,0,0,0
610,18,15,13,23,25,21,10
611,0,1,2,6,2,4,2
612,5,4,11,10,6,14,17
613,7,8,10,20,12,13,7
614,49,65,73,68,66,77,71
615,76,82,72,73,69,73,36
616,35,34,33,32,39,24,31
617,3,2,2,6,1,7,2
618,1,1,1,0,0,2,11
619,107,106,140,141,100,106,88
620,6,11,15,8,8,7,7
621,4,4,3,4,1,4,3
622,40,57,50,63,26,49,29
623,11,15,14,12,18,8,10
624,4,1,3,3,5,3,1
625,8,8,8,7,19,11,9
626,0,1,1,1,1,0,0
627,0,1,2,1,1,1,0
628,11,20,20,33,33,19,13
629,10,24,14,9,7,5,9
630,2,5,9,12,5,4,6
631,3,4,1,1,0,4,1
632,4,1,5,4,4,6,3
633,2,13,10,11,4,12,11
634,1,0,1,1,1,0,0
635,2,5,1,7,6,2,2
636,9,4,7,11,16,11,6
637,3,3,6,4,3,4,5
638,20,21,19,23,21,30,24
639,22,31,16,23,14,17,12
640,41,39,38,30,48,48,48
641,4,1,2,0,2,1,1
642,11,8,17,10,12,8,4
643,7,3,3,4,1,5,4
644,10,8,8,7,8,9,4
645,6,4,3,1,2,3,0
646,2,2,2,4,4,7,9
647,163,133,136,137,119,145,125
648,1,10,8,5,4,7,8
649,1,3,2,0,1,0,2
650,10,3,7,11,4,13,5
651,3,9,13,8,11,13,24
652,15,18,12,16,23,22,18
653,0,3,3,1,0,0,3
654,7,20,21,16,33,21,20
655,5,4,11,7,7,4,4
656,1,0,4,19,22,25,21
657,4,8,4,14,10,6,7
658,20,18,9,21,10,6,3
659,3,8,9,18,4,7,11
660,9,4,4,3,7,6,6
661,16,18,31,28,21,27,21
662,3,4,0,3,9,20,13
663,4,8,8,2,3,8,1
664,4,14,19,14,13,18,6
665,136,162,123,69,34,43,37
666,13,14,17,12,9,14,11
667,15,20,19,16,14,25,11
668,38,52,46,28,31,35,24
669,73,66,68,64,54,57,48
670,18,20,20,13,19,19,11
671,73,61,54,63,47,64,59
672,17,14,14,14,18,17,14
673,10,18,13,22,9,8,10
674,7,11,6,15,7,6,18
675,129,96,93,113,91,71,87
676,25,28,32,45,18,23,14
677,2,6,10,18,15,13,10
678,0,0,0,2,2,0,2
679,58,49,50,32,26,45,34
680,3,2,4,4,2,7,0
681,38,34,38,29,36,33,25
682,2,5,6,3,5,9,7
683,27,24,24,20,29,30,18
684,12,8,11,11,15,14,15
685,3,1,3,1,3,1,2
686,8,5,8,6,3,12,9
687,10,11,15,18,15,20,7
688,0,0,1,0,0,0,1
689,7,13,15,12,11,10,18
690,7,8,6,6,4,3,4
691,8,12,13,9,4,9,6
692,45,39,45,46,26,28,38
693,0,0,1,5,0,4,8
694,4,4,3,1,1,4,1
695,111,124,129,133,113,110,98
696,0,0,1,1,2,1,2
697,2,4,2,3,15,7,7
698,0,1,3,0,0,1,1
699,6,4,0,3,3,1,3
700,0,0,0,0,0,1,0
701,4,8,6,6,6,5,8
702,17,17,18,15,25,18,16
703,0,0,0,0,0,0,0
704,9,6,9,7,10,10,15
705,45,33,37,51,22,26,15
706,11,5,14,9,7,10,8
707,9,9,5,6,8,6,6
708,7,9,19,20,13,15,15
709,12,12,9,22,5,7,5
710,18,6,26,33,11,20,10
711,6,16,10,14,8,12,15
712,20,26,25,19,27,32,37
713,22,18,19,22,23,20,10
714,10,13,21,16,22,16,17
715,41,49,54,82,44,48,51
716,11,7,5,16,10,11,11
717,25,21,17,8,17,10,10
718,5,2,5,9,3,3,9
719,5,6,9,8,5,9,6
720,3,4,2,1,3,2,1
721,3,8,12,6,3,13,11
722,3,1,3,3,2,17,20
723,6,10,7,18,7,9,9
724,21,25,36,31,26,26,25
725,16,16,5,11,16,19,11
726,5,4,3,3,12,8,8
727,111,122,113,115,112,118,80
728,3,7,7,8,5,8,2
729,95,88,110,138,157,143,62
730,2,2,5,3,1,3,4
731,17,14,15,19,15,19,16
732,29,26,26,40,24,22,17
733,1,0,3,6,10,9,7
734,29,30,29,41,27,37,31
735,29,37,20,17,43,26,23
736,0,0,0,1,0,0,0
737,50,41,63,80,83,68,112
738,32,27,37,27,25,23,18
739,11,12,11,15,8,3,7
740,22,32,22,27,15,19,30
741,1,2,5,5,4,3,1
742,8,18,11,17,8,16,21
743,1,0,0,3,0,2,1
744,33,26,29,26,14,16,23
745,2,0,0,1,0,2,5
746,33,34,45,82,62,72,39
747,22,29,24,31,35,21,22
748,22,24,21,30,34,22,20
749,0,0,2,1,0,0,0
750,29,26,35,25,24,24,17
751,2,5,1,4,11,10,10
752,18,8,15,12,17,15,15
753,8,16,7,20,11,12,6
754,2,1,0,7,2,5,5
755,43,26,36,36,22,31,16
756,12,6,18,21,17,13,18
757,21,26,27,19,20,21,19
758,0,4,2,0,0,3,2
759,3,5,8,4,8,2,8
760,5,10,4,9,14,8,9
761,6,18,12,13,13,16,4
762,1,0,4,6,3,3,1
763,5,12,11,8,11,9,29
764,13,11,11,10,9,6,11
765,4,5,5,3,4,13,9
766,9,7,4,6,4,8,11
767,66,47,61,47,80,59,68
768,6,5,4,10,7,5,12
769,31,26,36,43,28,29,35
770,6,4,7,10,5,6,4
771,17,39,33,29,26,21,39
772,30,26,25,25,26,29,28
773,41,45,44,45,33,27,26
774,93,78,81,69,45,58,47
775,21,20,32,26,39,40,32
776,25,22,21,18,28,20,12
777,7,7,5,3,11,13,9
778,8,6,9,6,7,8,8
779,4,6,11,20,13,25,20
780,2,3,7,1,5,3,1
781,115,98,112,94,75,99,60
782,46,49,30,48,30,26,35
783,3,7,10,4,10,9,6
784,26,26,38,36,30,30,28
785,6,2,1,3,0,8,1
786,29,21,21,22,19,11,18
787,38,35,41,38,36,37,40
788,8,6,7,14,10,10,3
789,4,8,13,1,13,9,8
790,1,2,4,8,6,5,6
791,14,11,16,20,17,24,18
792,1,0,2,2,0,1,2
793,5,2,5,3,5,5,10
794,0,0,4,5,2,3,7
795,2,0,0,1,4,5,1
796,8,3,9,6,11,3,8
797,83,64,54,69,43,53,49
798,3,3,2,10,4,17,16
799,545,525,543,505,437,503,468
800,5,14,9,8,15,11,12
801,20,4,9,6,9,3,14
802,22,41,31,40,37,24,32
803,0,1,3,0,2,7,8
804,60,51,64,59,62,59,46
805,1,2,1,7,1,1,1
806,5,7,14,15,6,10,5
807,19,23,25,35,18,40,23
808,108,103,108,100,78,66,53
809,0,1,2,1,0,2,0
810,0,4,1,1,1,3,1
811,9,13,11,15,16,12,6
812,5,4,3,5,10,11,12
813,20,15,23,19,21,16,7
814,6,6,9,6,8,3,6
815,3,5,5,9,7,12,2
816,47,31,50,51,33,43,43
817,9,6,19,13,7,19,17
818,4,4,6,5,5,8,4
819,4,11,6,9,11,15,12
820,5,14,4,8,14,8,5
821,1,1,0,2,1,8,0
822,23,32,21,34,30,24,23
823,4,2,4,1,1,4,5
824,6,2,8,6,11,6,7
825,2,0,8,13,1,6,3
826,7,7,8,23,9,15,7
827,0,0,2,0,1,0,0
828,13,9,6,7,5,10,5
829,11,13,14,5,14,15,15
830,14,14,13,19,13,21,9
831,14,31,17,28,11,17,28
832,0,0,0,0,0,0,0
833,5,7,7,9,4,8,4
834,7,10,15,19,18,12,15
835,5,13,9,16,3,9,16
836,21,35,19,27,25,32,14
837,0,2,0,4,3,2,3
838,0,0,0,1,0,1,0
839,88,96,113,72,50,63,74
840,30,24,37,42,39,29,22
841,4,9,5,2,2,4,5
842,14,11,7,11,6,13,8
843,18,10,15,15,13,17,13
844,60,41,54,41,97,129,87
845,1,2,4,2,0,4,2
846,9,14,8,6,12,6,16
847,30,19,14,15,8,3,5
848,10,18,18,11,14,13,12
849,5,2,6,6,2,5,9
850,48,38,55,51,34,41,27
851,5,5,5,11,9,4,0
852,104,117,98,113,130,152,116
853,28,15,24,35,27,11,17
854,25,21,19,19,21,18,16
855,9,9,14,4,3,5,12
856,1,1,7,3,0,2,0
857,46,51,37,44,35,31,26
858,6,5,2,1,1,2,5
859,1,4,3,6,2,5,4
860,2,3,2,2,2,1,2
861,7,10,7,14,15,14,8
862,7,9,6,13,12,11,4
863,4,2,1,5,0,5,1
864,24,14,16,20,16,17,26
865,11,15,7,6,13,20,10
866,2,2,2,0,7,5,1
867,5,6,7,6,17,19,20
868,17,17,13,24,20,23,22
869,11,4,7,7,8,3,11
870,21,21,12,9,15,12,21
871,30,23,16,16,25,13,14
872,3,3,5,6,9,11,10
873,6,11,14,13,9,16,8
874,0,0,0,0,0,0,0
875,3,2,0,1,2,1,0
876,11,6,7,13,10,12,17
877,28,42,44,41,37,29,40
878,1,0,1,0,5,0,1
879,9,19,21,11,12,7,5
880,3,3,3,4,2,6,1
881,6,5,8,12,9,7,6
882,18,7,14,13,20,23,18
883,10,11,13,6,4,13,7
884,8,4,14,6,14,12,16
885,233,252,259,272,209,188,173
886,8,10,10,17,21,13,9
887,258,236,233,235,142,161,116
888,3,2,4,4,1,1,3
889,13,14,13,16,9,12,13
890,32,26,34,23,22,15,18
891,57,46,56,71,74,62,55
892,8,9,11,6,9,17,11
893,12,24,17,29,14,16,22
894,60,44,57,33,46,22,43
895,9,9,8,2,4,9,7
896,2,1,1,3,1,0,0
897,83,72,68,91,81,57,77
898,42,26,40,34,30,62,55
899,0,0,2,0,0,1,3
900,8,15,16,25,16,9,16
901,0,3,0,4,0,1,5
902,1,5,6,5,14,5,8
903,4,8,11,6,1,6,12
904,32,59,30,40,38,44,31
905,1,4,2,1,7,3,0
906,0,0,0,0,0,3,3
907,11,15,17,13,7,11,8
908,0,1,2,2,2,1,0
909,19,23,21,29,12,16,21
910,8,8,7,13,10,7,7
911,21,23,37,31,26,20,30
912,6,10,15,5,6,10,7
913,6,8,7,9,2,8,9
914,14,12,18,15,16,10,16
915,17,20,24,17,16,15,13
916,18,35,22,42,61,48,58
917,0,0,0,0,0,0,0
918,9,14,11,19,14,23,19
919,12,9,8,8,10,5,5
920,3,1,3,2,5,4,3
921,3,15,17,12,11,13,13
922,17,14,8,9,10,11,12
923,17,16,12,11,9,11,12
924,1,1,2,3,4,5,0
925,2,9,1,0,6,4,6
926,13,14,11,19,8,9,7
927,15,13,19,10,10,12,8
928,63,67,61,67,48,71,163
929,23,16,14,19,9,14,11
930,3,3,2,5,5,4,5
931,9,7,10,11,13,16,16
932,8,4,7,2,6,6,4
933,6,6,3,6,4,12,2
934,20,15,24,15,15,19,11
935,13,15,13,22,18,25,22
936,34,53,32,34,23,20,11
937,17,26,21,20,21,10,13
938,0,1,0,0,2,0,1
939,4,4,4,5,2,4,8
940,1,0,2,1,1,0,0
941,13,9,7,16,13,7,10
942,6,10,6,7,3,5,7
943,5,6,11,11,5,2,6
944,22,23,24,43,25,22,19
945,5,21,32,22,24,15,13
946,4,7,4,3,3,6,4
947,4,0,0,2,2,0,1
948,7,4,4,2,1,6,4
949,9,14,4,22,4,18,18
950,4,4,2,4,5,7,0
951,3,6,7,4,8,6,6
952,11,17,17,14,20,19,10
953,7,19,21,18,16,14,16
954,5,2,89,89,111,141,151
955,8,10,4,9,5,9,11
956,5,5,0,4,3,5,2
957,15,16,13,23,16,13,9
958,4,4,5,7,10,10,16
959,5,12,9,10,23,20,17
960,6,4,4,10,11,12,9
961,19,14,21,21,20,30,21
962,16,20,17,11,12,9,17
963,3,1,5,8,8,9,15
964,14,22,24,32,26,26,9
965,15,17,11,21,16,13,16
966,7,5,5,3,12,8,10
967,5,0,2,5,0,4,5
968,1,0,0,1,0,0,2
969,121,103,122,106,138,140,111
970,0,0,0,0,0,0,2
971,5,6,3,11,1,8,5
972,28,33,17,33,31,17,21
973,1,0,0,0,0,1,0
974,3,13,10,6,4,10,9
975,11,13,7,11,8,16,14
976,2,2,1,1,2,2,1
977,15,7,9,12,13,13,12
978,4,5,4,3,5,6,2
979,7,8,20,9,14,11,8
980,9,13,21,28,17,15,12
981,17,35,24,29,25,25,24
982,12,9,13,11,15,16,11
983,6,2,6,5,3,9,2
984,28,26,24,32,30,24,16
985,0,0,0,2,0,0,0
986,2,4,4,3,4,4,2
987,3,3,6,4,1,9,8
988,21,29,30,24,27,31,28
989,10,13,4,11,15,13,13
990,24,17,22,31,17,9,20
991,5,2,1,0,3,1,2
992,3,6,6,7,4,5,6
993,12,5,2,12,10,10,19
994,14,12,11,15,10,7,9
995,7,2,4,6,2,4,2
996,5,1,1,2,3,3,3
997,3,88,72,89,119,139,140
998,2,2,0,0,1,2,3
999,14,5,12,24,43,36,50
1000,93,77,73,63,50,61,69
1001,31,44,25,39,20,21,23
1002,3,1,4,6,4,3,2
1003,3,2,8,2,10,7,9
1004,4,7,2,5,7,2,5
1005,1,0,3,9,8,9,8
1006,29,23,25,28,28,29,27
1007,0,0,0,0,2,0,0
1008,19,70,68,70,87,73,95
1009,17,7,7,10,7,5,6
1010,3,5,2,7,3,3,6
1011,3,4,1,2,2,0,0
1012,4,3,4,7,7,3,1
1013,1,0,1,0,0,1,2
1014,6,10,4,6,7,10,4
1015,9,2,3,2,9,3,10
1016,0,4,7,4,7,9,8
1017,99,98,89,116,83,81,92
1018,2,14,4,8,4,6,2
1019,13,24,25,20,25,28,37
1020,0,0,0,0,1,0,0
1021,3,0,1,1,1,0,1
1022,1,0,2,0,3,0,1
1023,15,22,7,22,13,27,12
1024,1,0,0,4,0,0,1
1025,11,11,16,26,14,13,14
1026,15,20,27,27,16,31,18
1027,18,9,10,11,13,17,10
1028,0,0,1,2,0,0,0
1029,0,2,7,7,11,5,7
1030,4,2,2,5,14,14,10
1031,22,26,16,21,31,30,28
1032,10,6,5,14,9,3,14
1033,32,33,26,26,21,22,21
1034,24,30,28,39,25,32,25
1035,19,15,20,43,19,20,24
1036,8,7,12,16,12,18,10
1037,53,39,45,36,46,55,27
1038,1,1,2,4,2,3,1
1039,14,23,12,16,12,18,22
1040,10,6,12,15,11,13,15
1041,22,37,43,26,32,34,26
1042,10,12,18,11,8,13,8
1043,14,30,29,32,52,41,26
1044,7,6,9,10,10,8,7
1045,0,0,0,0,0,1,2
1046,0,0,2,0,0,1,0
1047,2,6,6,6,11,4,14
1048,1,0,2,4,1,0,1
1049,24,19,29,30,28,38,16
1050,8,1,4,0,5,6,6
1051,3,5,6,8,4,4,5
1052,13,11,18,10,10,19,11
1053,0,2,1,0,0,0,0
1054,1,2,1,7,8,5,9
1055,8,13,11,8,5,17,7
1056,5,6,10,6,1,10,4
1057,15,9,9,16,7,8,7
1058,5,9,7,11,5,3,7
1059,4,6,9,5,3,7,6
1060,4,2,7,2,3,1,6
1061,44,48,50,52,66,48,47
1062,13,12,11,31,37,36,27
1063,63,57,52,38,30,29,36
1064,3,4,0,0,0,2,2
1065,4,6,4,18,15,3,12
1066,11,10,11,19,17,17,19
1067,1,1,2,5,6,3,2
1068,1,5,2,7,8,5,9
1069,21,24,24,30,38,25,17
1070,2,5,1,5,4,3,1
1071,6,3,3,6,7,6,7
1072,4,3,1,2,7,3,8
1073,5,1,1,5,8,2,3
1074,9,5,11,9,5,3,6
1075,26,32,50,27,12,19,18
1076,8,2,2,5,8,7,6
1077,11,22,16,28,10,13,14
1078,4,4,4,10,7,15,11
1079,10,14,7,11,14,5,7
1080,4,5,9,7,9,7,7
1081,1,1,3,5,0,1,1
1082,4,11,6,8,9,10,4
1083,5,11,2,3,6,18,16
1084,22,23,17,23,9,22,21
1085,26,33,31,28,38,24,26
1086,9,6,3,6,7,6,8
1087,60,60,62,87,44,57,62
1088,4,9,9,17,10,13,9
1089,7,5,3,10,5,2,5
1090,3,2,1,4,7,2,2
1091,4,8,4,6,9,8,10
1092,22,21,32,18,14,19,16
1093,4,3,1,5,5,3,9
1094,28,33,23,29,28,29,24
1095,2,0,0,0,0,1,0
1096,1,1,2,7,6,9,2
1097,11,17,29,17,22,20,9
1098,9,4,2,1,8,5,6
1099,23,18,18,26,24,29,8
1100,6,2,4,6,3,7,9
1101,33,33,43,37,23,6,21
1102,53,35,41,58,86,61,61
1103,0,1,5,2,4,0,3
1104,22,24,22,29,18,26,26
1105,11,10,18,11,8,6,9
1106,3,5,1,1,3,5,3
1107,3,5,2,13,5,11,7
1108,129,126,123,162,106,119,108
1109,19,14,17,24,14,14,7
1110,10,9,5,18,9,14,10
1111,2,0,1,2,2,0,1
1112,13,6,11,26,43,24,15
1113,4,0,3,2,7,4,5
1114,6,5,4,9,4,4,16
1115,5,4,2,5,4,5,4
1116,4,4,3,10,11,10,8
1117,103,95,107,100,125,150,98
1118,51,65,71,65,37,30,27
1119,12,14,8,7,11,8,10
1120,16,20,18,19,17,13,4
1121,34,18,14,30,43,30,24
1122,2,2,4,8,15,18,9
1123,46,45,55,58,52,51,49
1124,42,36,50,24,12,18,8
1125,45,40,50,64,37,38,26
1126,78,76,77,102,97,136,42
1127,36,22,28,30,18,5,10
1128,103,98,123,141,103,116,85
1129,32,45,31,41,36,33,41
1130,3,4,7,4,3,4,5
1131,15,17,21,11,10,17,16
1132,4,2,5,0,4,0,0
1133,2,2,0,2,0,1,1
1134,9,20,10,5,14,22,9
1135,14,14,21,25,23,20,13
1136,5,4,6,5,6,4,6
1137,5,4,2,3,9,0,0
1138,2,3,5,2,2,5,3
1139,14,22,15,31,27,21,14
1140,2,7,7,7,10,17,11
1141,18,12,14,24,16,16,16
1142,299,312,314,299,298,289,291
1143,16,13,19,25,29,17,13
1144,11,5,7,6,5,3,3
1145,4,7,10,5,3,8,7
1146,3,4,9,13,9,6,6
1147,10,14,17,13,28,17,27
1148,0,0,0,0,0,1,1
1149,9,7,11,14,4,6,9
1150,13,10,12,14,19,22,19
1151,10,8,15,18,11,22,21
1152,13,16,12,22,5,11,11
1153,7,15,11,23,19,20,26
1154,2,2,9,15,8,8,10
1155,5,5,3,4,5,8,3
1156,48,62,49,55,48,64,44
1157,0,1,1,1,1,3,3
1158,4,0,0,0,1,1,1
1159,30,19,15,30,25,25,19
1160,0,1,0,2,1,4,1
1161,27,44,35,51,30,19,28
1162,5,9,6,7,6,8,7
1163,7,4,3,4,5,8,11
1164,4,14,13,4,18,20,9
1165,25,20,24,31,17,18,15
1166,29,21,25,23,17,13,32
1167,22,23,32,23,34,22,16
1168,40,30,35,46,26,20,36
1169,10,18,7,9,12,5,10
1170,2,2,2,1,3,1,1
1171,101,65,99,69,43,49,25
1172,246,226,227,206,185,168,158
1173,9,20,16,21,21,11,25
1174,0,0,3,1,0,1,1
1175,144,86,143,147,64,33,30
1176,5,10,9,5,5,3,3
1177,8,9,4,1,6,5,3
1178,11,13,6,7,8,18,7
1179,8,7,11,14,1,11,8
1180,12,7,16,6,8,8,2
1181,29,28,32,29,40,36,35
1182,6,7,4,8,2,5,3
1183,1,0,1,0,2,1,1
1184,14,17,18,18,21,16,21
1185,0,0,0,0,1,2,1
1186,0,0,0,2,0,1,0
1187,17,27,16,24,14,21,24
1188,5,4,5,18,8,11,7
1189,2,0,0,8,4,13,6
1190,48,44,53,85,62,73,89
1191,0,0,0,1,1,2,1
1192,10,16,9,15,9,5,11
1193,1,1,3,5,4,10,10
1194,2,0,2,2,2,1,4
1195,28,41,40,37,19,17,23
1196,19,15,22,17,20,21,19
1197,14,13,5,21,13,14,15
1198,9,6,4,3,2,5,6
1199,0,1,0,0,0,2,1
1200,0,0,0,2,1,4,1
1201,13,15,15,15,9,14,6
1202,63,61,77,67,50,37,55
1203,24,18,14,19,12,14,13
1204,6,1,3,4,4,3,3
1205,50,54,59,60,131,141,142
1206,0,0,0,0,0,0,0
1207,14,9,7,13,14,13,6
1208,16,8,27,18,14,11,9
1209,10,4,15,9,9,8,3
1210,55,47,45,55,36,34,43
1211,22,18,21,20,34,18,16
1212,1,0,1,4,0,0,1
1213,2,2,9,12,10,7,9
1214,1,0,1,2,3,1,0
1215,1,3,0,1,1,1,1
1216,5,2,8,7,7,9,13
1217,43,52,56,71,58,33,21
1218,0,0,1,1,0,1,0
1219,12,10,11,17,15,15,8
1220,0,1,1,0,0,1,2
1221,188,246,219,213,182,192,117
1222,3,3,5,8,7,2,4
1223,1,7,5,10,4,9,7
1224,21,13,17,9,23,11,15
1225,5,3,6,5,10,11,9
1226,20,10,20,27,12,14,15
1227,4,11,3,8,8,0,4
1228,2,2,4,3,6,4,3
1229,15,5,12,16,17,10,15
1230,3,11,8,6,5,10,3
1231,75,50,53,54,52,62,43
1232,2,4,1,1,3,2,0
1233,21,16,20,16,13,8,10
1234,12,16,18,15,11,13,16
1235,8,2,8,5,8,7,3
1236,0,0,1,1,0,1,0
1237,2,4,2,4,14,10,6
1238,1,0,0,1,0,0,2
1239,1,1,2,0,0,1,1
1240,0,1,4,5,4,8,3
1241,2,10,4,8,5,9,9
1242,68,62,61,74,58,68,58
1243,2,1,6,3,3,9,7
1244,29,20,19,43,23,33,24
1245,0,1,1,0,0,2,0
1246,4,2,8,3,6,12,3
1247,5,10,10,10,20,13,9
1248,2,0,0,1,0,0,2
1249,15,23,22,19,9,29,17
1250,0,0,0,1,3,3,1
1251,6,18,7,22,16,10,5
1252,98,114,108,97,100,66,48
1253,4,0,0,1,0,1,0
1254,2,0,0,2,1,0,2
1255,38,23,39,43,24,19,12
1256,5,5,1,4,1,4,2
1257,16,16,8,6,6,7,5
1258,20,14,18,14,9,14,21
1259,7,8,10,8,3,6,12
1260,2,6,10,13,11,9,14
1261,7,13,7,3,15,3,22
1262,6,7,12,8,3,12,6
1263,19,19,21,24,18,40,33
1264,28,33,29,23,34,37,32
1265,4,2,1,2,2,4,5
1266,5,1,3,3,2,3,1
1267,1,1,3,0,3,0,0
1268,3,1,3,1,4,7,2
1269,1,2,1,1,3,3,7
1270,9,21,6,21,15,36,29
1271,26,29,19,14,15,14,24
1272,7,2,4,5,2,2,4
1273,11,16,22,16,12,11,13
1274,1,0,0,3,2,2,2
1275,32,39,58,40,36,30,17
1276,10,5,9,12,16,12,13
1277,6,16,9,9,6,7,12
1278,13,8,8,12,12,9,6
1279,0,1,2,1,0,0,0
1280,6,6,7,12,4,10,4
1281,15,11,8,18,6,8,7
1282,42,32,26,25,22,39,38
1283,10,12,16,12,15,16,10
1284,11,37,26,19,27,24,25
1285,2,4,6,16,10,9,16
1286,29,23,23,21,25,23,19
1287,5,5,1,13,6,7,11
1288,23,17,11,11,7,14,12
1289,18,24,18,26,20,28,23
1290,19,28,25,20,25,19,12
1291,57,31,40,43,28,58,47
1292,48,66,58,61,80,72,62
1293,6,5,11,6,6,17,14
1294,27,25,25,30,36,24,24
1295,5,12,16,7,12,15,7
1296,23,9,21,23,19,26,24
1297,30,29,32,30,31,21,34
1298,13,16,13,16,13,20,18
1299,14,21,40,35,32,30,21
1300,5,3,1,3,5,8,6
1301,41,47,56,49,40,48,45
1302,29,31,31,39,26,29,22
1303,0,2,1,0,0,3,0
1304,9,17,15,15,9,12,10
1305,0,4,5,3,4,6,4
1306,6,9,6,7,12,18,12
1307,6,3,5,11,14,7,2
1308,16,19,22,28,14,36,31
1309,17,24,18,20,25,23,21
1310,9,13,18,12,16,11,13
1311,135,149,165,192,136,147,152
1312,49,38,47,43,40,44,34
1313,50,59,50,54,38,52,52
1314,34,18,14,40,27,32,25
1315,24,16,8,27,16,19,15
1316,5,1,7,9,7,6,4
1317,12,14,13,14,7,7,22
1318,29,22,12,14,5,14,7
1319,7,13,13,12,8,8,11
1320,1,0,0,1,5,5,10
1321,1,3,5,9,9,6,7
1322,342,352,339,518,417,461,318
1323,5,4,4,9,5,6,3
1324,6,10,14,12,20,6,18
1325,10,14,14,19,19,15,18
1326,3,4,5,2,5,2,4
1327,16,13,12,17,10,8,12
1328,22,10,14,13,16,11,20
1329,1,0,5,0,1,1,1
1330,19,14,21,22,26,39,22
1331,5,12,6,10,8,5,1
1332,57,53,35,20,18,31,26
1333,4,3,3,2,5,3,0
1334,4,2,1,1,0,2,2
1335,27,33,28,21,12,11,19
1336,1,1,0,0,0,0,0
1337,20,17,22,29,15,24,12
1338,22,30,26,28,23,26,21
1339,16,27,18,19,16,14,17
1340,37,27,19,40,29,38,28
1341,12,6,8,10,14,7,5
1342,13,5,2,12,6,7,10
1343,6,2,7,2,9,10,6
1344,4,5,4,5,3,5,4
1345,8,9,12,7,11,5,7
1346,50,44,46,44,32,55,35
1347,9,20,25,22,21,17,14
1348,12,17,16,20,13,22,16
1349,15,24,18,11,17,20,11
1350,78,56,71,80,68,63,68
1351,8,5,7,8,7,1,5
1352,16,19,24,21,17,15,10
1353,3,13,13,10,17,14,12
1354,23,27,16,34,12,14,13
1355,30,22,27,41,54,43,36
1356,21,33,35,49,35,40,39
1357,20,17,15,12,9,21,21
1358,15,15,16,15,17,9,17
1359,6,10,9,4,2,10,2
1360,0,0,2,0,1,4,7
1361,2,0,0,0,1,1,0
1362,97,65,54,91,47,86,70
1363,21,15,15,11,11,18,16
1364,18,21,31,26,22,16,10
1365,24,24,28,32,24,40,31
1366,1,2,0,2,3,3,5
1367,10,25,14,37,21,19,16
1368,0,0,1,4,2,1,3
1369,7,7,7,15,12,5,4
1370,4,6,5,13,4,10,11
1371,8,7,8,5,8,21,22
1372,7,7,6,8,40,30,36
1373,23,19,21,28,14,23,13
1374,17,11,10,20,22,12,20
1375,4,5,4,7,5,9,9
1376,26,17,13,18,17,15,14
1377,43,79,37,42,51,41,31
1378,10,3,5,10,8,4,9
1379,0,0,0,0,2,0,0
1380,7,5,7,11,5,9,7
1381,9,8,10,12,7,9,6
1382,0,0,1,0,0,0,0
1383,3,3,2,8,8,7,7
1384,10,20,7,5,8,17,9
1385,3,1,1,0,5,1,2
1386,6,8,5,11,9,9,6
1387,19,13,4,11,9,6,8
1388,37,27,47,75,66,41,45
1389,17,4,8,18,9,20,17
1390,3,5,0,5,3,2,2
1391,0,0,0,1,1,4,0
1392,25,19,20,17,32,17,18
1393,25,36,32,36,16,21,9
1394,3,2,1,0,5,3,1
1395,19,25,32,27,15,19,22
1396,7,4,5,3,4,7,7
1397,41,45,48,39,27,41,28
1398,8,9,2,5,5,3,6
1399,13,6,16,19,14,11,16
1400,0,0,0,1,0,0,2
1401,15,24,14,30,26,22,27
1402,4,6,4,7,6,5,7
1403,1,1,2,0,0,1,0
1404,5,14,12,7,13,6,9
1405,3,2,3,7,5,8,9
1406,3,1,1,3,1,7,2
1407,2,1,6,5,6,2,11
1408,8,8,2,14,3,7,13
1409,47,51,65,60,40,75,72
1410,20,18,19,23,29,36,19
1411,40,39,25,42,22,26,34
1412,36,42,27,43,26,24,30
1413,4,6,11,5,9,16,17
1414,2,0,0,3,0,1,0
1415,2,0,0,0,0,0,0
1416,13,10,5,7,8,4,7
1417,14,12,6,4,4,9,5
1418,1,4,2,4,2,5,1
1419,13,13,17,12,8,14,8
1420,1,1,0,1,5,0,0
1421,7,13,21,11,12,9,12
1422,9,6,5,16,21,15,7
1423,13,7,10,12,3,11,10
1424,18,16,14,24,33,35,25
1425,1,1,0,4,1,1,1
1426,2,1,0,0,6,8,3
1427,15,20,16,22,28,22,17
1428,25,25,29,24,11,19,19
1429,7,4,3,26,14,5,3
1430,2,2,1,0,0,0,3
1431,12,15,11,9,6,13,12
1432,24,21,30,38,56,52,49
1433,10,3,6,4,4,5,9
1434,14,16,18,15,21,21,20
1435,12,15,18,27,13,6,11
1436,19,14,23,29,30,20,21
1437,18,28,22,25,35,31,22
1438,67,68,73,91,56,48,39
1439,7,11,7,7,8,11,18
1440,28,21,28,36,26,21,28
1441,1,2,0,7,5,10,3
1442,14,2,12,9,5,5,3
1443,16,14,28,29,13,21,8
1444,13,8,11,9,14,9,20
1445,8,8,4,10,6,9,3
1446,0,1,0,0,2,3,3
1447,2,1,2,1,3,1,10
1448,66,63,65,58,56,51,49
1449,37,35,23,28,29,20,21
1450,14,21,32,27,18,20,17
1451,18,13,13,9,27,39,30
1452,46,38,64,40,35,56,37
1453,61,71,59,56,52,54,28
1454,9,19,29,33,44,21,28
1455,3,0,2,0,1,1,2
1456,25,18,13,20,28,19,17
1457,2,10,1,7,13,7,3
1458,33,32,42,42,31,21,32
1459,37,30,22,46,14,21,21
1460,25,33,37,58,27,15,16
1461,44,37,50,57,52,30,35
1462,1,4,5,1,4,6,1
1463,12,15,9,12,24,18,9
1464,1,3,2,0,0,2,2
1465,15,20,23,17,20,21,22
1466,8,5,5,13,4,5,10
1467,71,53,42,55,53,75,65
1468,2,6,1,3,0,3,3
1469,47,72,40,108,94,124,67
1470,10,22,17,22,12,14,10
1471,22,13,24,16,27,8,18
1472,28,22,40,27,23,28,28
1473,3,4,11,8,6,8,4
1474,12,12,13,6,12,9,24
1475,28,17,30,24,23,22,21
1476,1,2,0,1,2,2,1
1477,7,11,13,14,24,29,42
1478,8,7,119,176,226,270,237
1479,32,44,37,25,30,24,20
1480,20,20,16,23,26,11,19
1481,15,22,8,16,25,10,21
1482,20,25,22,27,28,16,19
1483,29,25,24,36,27,23,27
1484,23,28,15,24,32,40,27
1485,17,18,20,20,20,24,11
1486,2,3,3,7,8,3,5
1487,5,1,1,2,3,6,1
1488,0,0,0,2,0,1,1
1489,20,25,20,25,35,41,34
1490,48,48,53,40,43,43,31
1491,31,33,21,42,29,42,24
1492,4,1,1,1,2,3,3
1493,3,3,1,1,1,3,2
1494,16,11,13,16,6,12,7
1495,1,0,0,1,0,1,1
1496,1,3,4,5,1,12,4
1497,0,0,0,1,0,0,0
1498,5,3,3,7,1,3,6
1499,0,2,2,0,1,1,0
1500,0,3,2,0,1,0,2
1501,1,1,1,2,4,13,24
1502,5,2,2,7,6,4,3
1503,4,6,6,26,13,14,18
1504,4,1,7,1,3,3,8
1505,0,0,2,0,1,1,1
1506,55,78,77,61,65,58,71
1507,4,9,10,8,6,5,1
1508,2,2,2,3,0,4,3
1509,13,13,10,11,9,23,17
1510,7,3,4,2,5,3,8
1511,16,11,11,19,22,14,8
1512,82,81,75,105,97,73,37
1513,19,28,41,37,36,40,25
1514,3,10,3,2,7,7,11
1515,8,3,12,18,7,10,10
1516,2,0,0,2,0,1,0
1517,8,13,14,27,22,16,10
1518,55,48,70,78,41,56,65
1519,12,12,11,16,12,11,4
1520,1,2,4,0,1,2,0
1521,26,10,23,19,17,22,25
1522,5,1,2,1,1,1,0
1523,4,9,6,5,5,9,11
1524,25,26,33,23,33,20,31
1525,88,84,84,82,106,87,99
1526,2,1,1,0,3,2,2
1527,37,18,29,35,16,22,17
1528,14,25,37,45,51,32,24
1529,1,4,0,2,16,11,9
1530,30,24,18,26,22,11,28
1531,10,9,5,10,7,11,12
1532,16,6,16,9,6,17,17
1533,30,28,24,19,17,13,10
1534,1,1,0,1,1,2,0
1535,56,44,48,45,68,42,47
1536,2,0,3,1,1,0,1
1537,18,25,31,27,17,41,22
1538,22,30,24,26,24,24,26
1539,702,578,641,630,616,564,482
1540,44,51,58,94,37,40,25
1541,13,9,15,14,18,6,13
1542,18,14,20,29,18,7,6
1543,1,0,0,2,3,0,1
1544,16,18,11,19,12,15,4
1545,4,4,1,2,8,2,2
1546,20,12,11,13,12,11,8
1547,86,94,76,75,52,43,47
1548,1,1,1,4,3,7,3
1549,6,4,3,0,10,7,6
1550,3,7,3,7,7,2,10
1551,26,14,21,26,27,21,25
1552,41,45,50,52,22,35,62
1553,45,59,73,73,65,46,42
1554,5,8,8,15,8,7,7
1555,5,18,5,14,12,13,12
1556,7,10,11,14,13,11,14
1557,63,44,76,65,56,50,42
1558,7,10,14,12,9,11,9
1559,60,78,97,104,78,63,40
1560,43,41,50,56,40,48,34
1561,1,1,0,0,5,5,7
1562,7,3,4,7,4,4,4
1563,5,8,8,9,6,5,6
1564,32,24,25,50,31,33,21
1565,2,5,1,6,7,5,2
1566,2,2,2,9,0,1,2
1567,3,7,3,7,5,2,3
1568,36,33,35,29,34,33,35
1569,1,1,2,0,5,5,1
1570,0,0,2,2,1,1,1
1571,2,3,3,3,11,9,12
1572,14,5,31,32,16,28,29
1573,5,2,6,1,1,2,2
1574,24,14,17,15,12,17,17
1575,6,8,8,12,14,7,12
1576,52,49,71,56,50,56,35
1577,6,14,15,18,8,11,9
1578,0,0,2,2,9,3,2
1579,31,29,18,16,10,27,24
1580,6,7,2,4,6,2,7
1581,27,28,11,21,11,20,17
1582,9,12,13,18,6,12,14
1583,18,32,28,19,42,29,16
1584,2,0,3,2,0,4,1
1585,7,4,8,4,8,9,5
1586,45,33,36,51,36,30,47
1587,27,19,19,17,18,9,13
1588,26,31,34,17,25,30,32
1589,6,3,4,3,10,6,7
1590,14,3,14,12,11,18,13
1591,9,11,6,18,9,13,23
1592,10,8,14,20,21,26,5
1593,24,33,28,50,24,23,21
1594,17,17,15,14,16,9,20
1595,272,335,312,248,219,210,221
1596,5,4,5,11,12,14,9
1597,4,4,9,8,11,14,7
1598,1,1,0,0,0,1,0
1599,7,4,6,12,10,9,3
1600,2,4,8,11,9,5,6
1601,5,5,11,5,4,5,5
1602,15,18,28,19,20,23,15
1603,13,21,19,24,15,25,17
1604,9,11,6,8,9,12,7
1605,19,17,23,29,17,17,12
1606,10,7,6,6,5,2,11
1607,19,19,17,26,15,16,14
1608,3,5,4,5,9,9,3
1609,10,9,1,5,7,12,11
1610,7,7,12,21,24,26,17
1611,8,13,8,16,13,22,17
1612,0,1,0,0,0,3,0
1613,1,1,0,0,0,0,0
1614,8,4,6,11,8,2,3
1615,1,1,0,0,0,0,0
1616,25,19,22,28,14,10,11
1617,0,1,2,2,1,1,1
1618,25,38,37,51,30,31,20
1619,10,13,15,24,15,13,12
1620,2,4,1,5,7,2,6
1621,0,1,4,9,14,11,5
1622,0,2,0,1,2,1,2
1623,103,108,147,118,99,124,60
1624,54,54,61,76,117,87,75
1625,0,0,2,0,0,1,1
1626,10,17,7,16,20,20,19
1627,17,15,12,27,31,24,30
1628,3,9,2,7,11,6,7
1629,55,75,76,99,90,97,117
1630,7,6,8,7,6,14,5
1631,9,8,12,25,21,18,16
1632,0,0,0,1,0,0,0
1633,10,11,7,14,23,27,35
1634,14,7,9,3,9,6,10
1635,20,17,13,24,13,15,17
1636,4,6,13,12,9,8,10
1637,5,5,2,4,1,7,8
1638,10,11,4,12,3,2,0
1639,43,52,40,69,29,24,29
1640,2,2,1,4,4,2,3
1641,4,7,11,5,9,7,6
1642,32,33,31,30,34,54,50
1643,37,24,18,26,12,16,17
1644,24,19,27,18,18,18,17
1645,12,12,8,21,16,24,32
1646,79,103,100,101,57,71,56
1647,32,24,22,27,25,24,29
1648,1,3,5,2,3,1,4
1649,39,30,16,34,19,22,10
1650,7,9,8,9,20,18,10
1651,9,24,18,22,25,26,16
1652,7,4,5,14,3,10,4
1653,2,1,2,2,5,3,0
1654,33,33,17,19,29,26,23
1655,5,9,7,13,6,11,3
1656,9,8,11,4,4,9,9
1657,0,0,2,0,1,2,0
1658,22,17,24,16,20,25,23
1659,22,18,17,24,19,16,12
1660,27,41,28,32,29,31,17
1661,12,12,24,17,13,18,15
1662,33,29,17,33,42,10,19
1663,22,25,28,20,28,20,24
1664,49,36,58,60,36,22,18
1665,0,1,0,0,0,1,0
1666,37,25,50,45,34,31,23
1667,15,23,19,24,30,22,23
1668,6,9,16,14,25,13,7
1669,3,1,3,1,2,7,3
1670,645,650,599,627,470,519,511
1671,7,8,8,12,18,11,16
1672,88,69,62,96,62,58,41
1673,21,9,25,19,19,19,14
1674,14,6,13,11,12,7,11
1675,9,5,8,8,9,7,5
1676,1,0,1,1,1,1,1
1677,650,610,635,733,700,688,719
1678,3,3,7,3,6,3,4
1679,2,0,9,5,6,14,10
1680,1,1,4,2,0,2,3
1681,14,12,16,9,4,2,5
1682,18,21,17,13,27,14,19
1683,15,14,10,12,5,8,6
1684,12,6,7,10,6,4,6
1685,3,9,9,8,6,5,14
1686,2,0,0,0,0,0,0
1687,20,9,16,16,11,13,17
1688,3,2,0,2,7,5,6
1689,28,22,14,25,19,28,38
1690,21,26,18,34,26,24,48
1691,4,6,2,11,1,5,5
1692,116,109,89,77,98,129,95
1693,4,4,6,15,8,11,14
1694,5,5,8,3,2,2,6
1695,0,2,1,0,1,2,10
1696,0,0,2,0,0,0,0
1697,10,6,10,18,13,2,10
1698,2,1,2,2,1,2,0
1699,11,14,8,15,20,22,20
1700,19,11,17,13,14,13,13
1701,4,1,6,7,8,4,9
1702,0,0,2,1,2,0,4
1703,13,10,11,4,8,10,10
1704,4,8,3,12,13,21,25
1705,3,5,8,4,3,5,5
1706,1,0,1,0,1,0,0
1707,1,1,7,19,19,16,26
1708,3,0,1,2,1,3,4
1709,0,0,1,0,1,0,1
1710,7,10,10,14,7,6,10
1711,0,1,0,4,5,0,2
1712,50,38,53,51,26,29,37
1713,8,2,4,10,6,10,9
1714,1,3,1,3,5,10,6
1715,21,26,21,17,11,14,6
1716,1,1,1,1,10,11,12
1717,28,33,22,25,25,30,32
1718,8,6,9,6,12,9,3
1719,4,8,6,11,12,7,7
1720,64,52,51,50,41,38,45
1721,3,2,2,2,0,2,4
1722,7,4,2,8,4,0,2
1723,43,29,33,49,64,80,55
1724,4,2,4,1,7,8,7
1725,0,3,9,3,10,7,8
1726,42,29,32,49,36,47,28
1727,9,12,6,9,14,10,11
1728,1,2,2,1,1,1,3
1729,9,9,12,9,4,8,11
1730,126,131,111,100,100,104,83
1731,0,0,0,2,2,1,1
1732,19,17,17,16,9,22,9
1733,2,4,1,3,4,4,12
1734,0,0,3,0,1,1,10
1735,19,14,14,30,16,18,25
1736,7,9,11,13,8,7,2
1737,6,1,4,3,6,9,11
1738,2,1,4,3,2,3,2
1739,10,12,21,11,23,19,8
1740,1,1,2,3,1,1,3
1741,1,0,2,0,0,0,0
1742,5,3,0,4,6,8,6
1743,11,12,5,14,9,9,10
1744,11,22,14,13,12,28,9
1745,65,52,57,68,108,89,75
1746,16,14,16,27,7,21,12
1747,12,18,10,16,14,17,14
1748,92,62,67,87,76,66,54
1749,2,2,2,5,3,0,5
1750,7,2,13,21,13,8,8
1751,18,22,29,30,21,26,21
1752,0,0,0,0,0,0,0
1753,5,4,3,1,8,8,0
1754,1,4,4,7,6,2,5
1755,8,7,2,19,10,10,7
1756,29,26,25,29,29,25,17
1757,0,0,0,0,0,0,0
1758,3,13,16,9,12,4,5
1759,2,1,1,2,1,2,3
1760,35,30,27,25,25,27,28
1761,37,74,53,34,46,42,40
1762,6,3,1,5,8,2,2
1763,23,25,12,19,10,19,11
1764,0,1,0,1,2,2,0
1765,39,40,33,39,25,33,37
1766,1,1,3,1,0,6,11
1767,9,15,11,12,15,12,16
1768,4,5,3,1,8,3,3
1769,4,3,6,6,3,7,2
1770,13,14,5,27,17,9,17
1771,3,3,1,8,5,6,5
1772,1,5,1,4,4,8,6
1773,13,11,11,10,15,16,8
1774,0,5,6,5,6,9,12
1775,43,47,45,65,39,43,37
1776,11,25,11,17,17,21,19
1777,10,2,5,4,5,5,0
1778,0,2,0,2,1,0,0
1779,4,10,13,24,12,16,28
1780,18,9,20,19,21,20,12
1781,5,5,4,2,7,11,12
1782,0,0,0,1,0,0,1
1783,46,33,44,45,32,48,43
1784,26,35,23,35,34,46,40
1785,1,3,2,4,3,1,1
1786,88,109,123,114,134,214,206
1787,1,9,6,21,17,13,13
1788,29,26,39,62,62,70,63
1789,4,3,4,3,5,11,7
1790,23,13,13,18,16,28,14
1791,14,18,21,17,17,19,12
1792,18,14,12,17,21,19,9
1793,2,0,0,2,0,0,2
1794,7,7,9,17,12,9,7
1795,5,2,6,11,4,18,4
1796,11,25,19,25,12,16,11
1797,1,3,2,5,5,5,3
1798,2,3,4,4,5,6,10
1799,0,7,6,2,2,6,4
1800,27,26,38,23,28,25,23
1801,112,105,120,78,89,83,58
1802,6,16,8,4,2,13,7
1803,1,7,3,4,10,5,2
1804,53,48,63,55,50,44,27
1805,28,20,29,24,36,38,23
1806,2,1,1,7,2,1,2
1807,30,24,32,33,27,23,30
1808,6,14,2,6,7,1,8
1809,14,21,13,13,16,23,14
1810,4,4,0,6,7,9,17
1811,4,4,1,2,2,4,0
1812,19,15,12,22,19,17,12
1813,12,6,7,14,7,13,9
1814,3,12,6,3,5,7,5
1815,0,0,1,1,0,3,7
1816,13,12,14,12,13,17,11
1817,22,10,15,18,19,14,16
1818,6,4,10,12,16,22,20
1819,7,14,9,11,5,5,6
1820,29,33,20,36,19,31,14
1821,51,62,65,80,72,48,43
1822,6,3,9,4,4,4,2
1823,268,282,234,216,224,225,171
1824,7,8,12,5,12,5,10
1825,5,11,6,14,11,11,11
1826,17,25,19,20,15,17,10
1827,6,8,8,10,12,13,6
1828,14,20,22,42,33,21,30
1829,42,34,23,35,30,29,28
1830,46,27,25,40,29,18,19
1831,5,10,10,6,12,15,15
1832,1,2,0,0,0,0,0
1833,7,7,12,11,9,7,10
1834,0,1,3,1,0,1,2
1835,13,21,16,12,19,15,15
1836,18,11,22,22,22,18,41
1837,15,11,6,8,14,8,15
1838,2,4,1,3,1,2,1
1839,13,16,16,29,23,17,15
1840,8,5,17,11,3,6,3
1841,19,22,20,25,19,14,16
1842,6,11,13,17,13,20,9
1843,1,0,0,1,4,1,0
1844,41,23,20,35,22,17,35
1845,1,2,0,2,2,4,1
1846,31,42,51,43,33,20,37
1847,4,2,2,1,5,3,3
1848,59,44,51,50,40,56,49
1849,1,6,0,1,0,2,1
1850,4,3,5,5,4,4,0
1851,5,1,3,8,12,12,4
1852,3,3,0,1,1,2,2
1853,10,10,16,15,15,17,14
1854,1,0,1,0,0,1,2
1855,0,1,0,1,2,2,0
1856,6,5,1,1,2,2,6
1857,2,2,7,8,8,10,9
1858,1,1,3,3,11,8,7
1859,55,44,36,43,68,66,56
1860,24,16,12,20,14,16,11
1861,30,34,33,37,22,35,31
1862,36,31,30,31,9,7,7
1863,7,3,7,4,8,5,5
1864,1,1,1,3,2,0,2
1865,27,13,25,13,16,15,20
1866,1,2,3,2,6,5,15
1867,9,1,6,4,7,3,11
1868,55,50,52,42,39,47,28
1869,78,78,92,95,74,64,71
1870,6,7,1,12,11,12,11
1871,16,21,14,17,7,13,9
1872,15,9,13,11,17,15,10
1873,2,2,2,2,9,4,6
1874,57,53,53,66,46,61,62
1875,2,0,2,1,2,3,2
1876,29,35,48,34,65,43,43
1877,19,24,16,24,14,21,19
1878,2,4,0,1,3,3,3
1879,1,3,1,1,1,0,1
1880,12,10,12,12,12,18,8
1881,6,4,7,15,25,17,19
1882,37,27,38,37,32,36,39
1883,107,121,114,81,104,85,63
1884,23,15,13,20,15,9,7
1885,2,9,8,9,2,12,13
1886,30,38,39,16,13,12,72
1887,6,20,25,18,14,7,12
1888,6,17,10,15,5,3,4
1889,1,0,1,0,1,4,0
1890,1,0,0,1,3,0,2
1891,6,9,9,19,8,8,5
1892,31,32,31,43,26,48,46
1893,10,15,15,20,11,12,11
1894,3,1,3,3,2,0,3
1895,19,19,21,17,28,21,33
1896,4,0,2,13,5,3,2
1897,7,10,10,13,14,9,11
1898,25,32,34,29,35,38,42
1899,3,12,1,8,6,1,10
1900,0,0,0,0,0,2,2
1901,9,8,3,3,4,3,7
1902,11,6,11,2,5,5,5
1903,43,51,43,47,33,42,32
1904,2,2,5,3,7,13,5
1905,0,3,2,2,6,0,1
1906,52,42,30,35,39,45,36
1907,3,1,3,1,4,2,2
1908,21,15,24,24,29,25,24
1909,6,6,4,9,15,14,7
1910,5,5,4,3,3,2,2
1911,859,830,867,845,738,832,732
1912,8,18,15,22,18,9,15
1913,4,6,7,3,6,9,4
1914,1,0,2,0,0,5,2
1915,6,10,3,2,6,6,3
1916,0,0,0,1,1,0,3
1917,14,18,26,13,25,18,16
1918,0,0,0,1,2,1,0
1919,27,26,27,32,39,37,21
1920,3,1,2,0,1,1,1
1921,24,15,33,18,24,21,12
1922,5,10,9,10,7,4,4
1923,10,9,11,16,4,7,12
1924,43,47,67,91,58,49,37
1925,7,2,5,4,1,5,2
1926,12,12,5,6,18,17,23
1927,2,3,1,9,5,5,9
1928,94,84,86,127,97,90,55
1929,0,0,1,0,0,0,0
1930,8,20,13,16,29,22,25
1931,7,23,8,12,16,15,14
1932,1,1,2,0,1,3,2
1933,12,8,7,18,10,10,12
1934,55,73,58,54,51,42,34
1935,140,174,169,200,319,322,295
1936,32,32,25,38,23,17,21
1937,2,0,1,0,7,2,1
1938,22,29,32,28,29,30,22
1939,7,10,10,11,12,10,6
1940,13,15,11,32,24,17,22
1941,9,22,16,20,12,17,17
1942,34,46,70,67,48,52,26
1943,4,3,1,4,0,5,7
1944,22,14,12,15,19,28,19
1945,27,29,27,35,38,35,30
1946,7,5,4,11,4,6,12
1947,0,0,0,0,0,1,2
1948,4,5,4,2,1,5,3
1949,5,1,4,5,5,5,11
1950,37,27,24,28,30,25,33
1951,58,72,53,58,47,44,31
1952,20,26,30,28,34,18,13
1953,11,14,18,20,16,28,14
1954,11,18,18,23,16,15,12
1955,28,28,37,32,34,21,21
1956,0,0,4,1,4,7,3
1957,0,0,1,4,1,0,2
1958,7,8,7,5,11,10,8
1959,7,14,15,14,25,30,19
1960,67,46,64,70,80,89,72
1961,1,1,0,1,2,2,0
1962,9,12,6,5,8,11,5
1963,0,0,0,0,1,2,0
1964,8,5,10,5,3,3,4
1965,2,6,10,2,5,16,5
1966,10,2,7,4,24,15,20
1967,3,2,2,2,1,1,6
1968,7,5,1,3,4,3,1
1969,16,6,10,10,11,15,5
1970,1,0,1,0,1,6,0
1971,7,6,7,13,11,11,14
1972,25,43,21,37,32,23,20
1973,2,7,7,19,16,10,18
1974,4,2,4,1,2,3,6
1975,24,20,19,35,22,31,17
1976,18,28,29,35,29,31,28
1977,15,25,38,42,38,31,37
1978,9,10,13,10,14,15,13
1979,4,13,7,4,14,7,7
1980,34,26,28,24,22,20,24
1981,2,0,1,0,13,17,7
1982,8,16,15,17,12,10,17
1983,3,0,2,8,11,4,11
1984,9,8,5,6,9,11,7
1985,53,60,63,67,49,62,49
1986,40,52,40,44,40,42,34
1987,7,5,4,4,4,6,6
1988,42,35,55,34,35,31,39
1989,25,32,29,19,14,4,6
1990,21,13,16,16,31,30,24
1991,0,3,0,1,0,0,1
1992,74,85,96,103,59,93,80
1993,5,8,5,7,14,12,9
1994,13,18,6,11,10,9,7
1995,1,1,3,1,0,0,0
1996,4,7,7,11,21,12,8
1997,1,1,3,7,10,3,6
1998,7,10,4,6,20,37,35
1999,15,18,20,18,27,24,14
2000,8,3,4,11,16,24,35
